eiaid,entity,state
55,City of Aberdeen - (MS),MS
59,City of Abbeville - (LA),LA
84,A & N Electric Coop,VA
97,Adams Electric Coop,IL
108,Adams-Columbia Electric Coop,WI
113,"Agway Energy Services, LLC",NY
118,"Adams Rural Electric Coop, Inc",OH
122,Village of Arcade - (NY),NY
123,City of Adel- (GA),GA
150,Adrian Public Utilities Comm,MN
155,Agralite Electric Coop,MN
162,Aiken Electric Coop Inc,SC
176,Ajo Improvement Co,AZ
189,PowerSouth Energy Cooperative,AL
195,Alabama Power Co,AL
201,City of Alachua - (FL),FL
207,City of Alameda,CA
213,Alaska Electric Light&Power Co,AK
219,Alaska Power and Telephone Co,WA
221,"Alaska Village Elec Coop, Inc",AK
230,Albany Water Gas & Light Comm,GA
232,City of Albemarle - (NC),NC
240,Albemarle Electric Member Corp,NC
241,Albertville Municipal Utilities Board,AL
261,AGC Division of APG Inc,PA
276,Alcorn County Elec Power Assn,MS
289,City of Alexander City,AL
295,City of Alexandria - (MN),MN
296,"Alfalfa Electric Coop, Inc",OK
298,City of Alexandria - (LA),LA
305,Alger-Delta Coop Electric Assn,MI
307,Algoma Utility Comm,WI
308,City of Acworth - (GA),GA
309,City of Algona - (IA),IA
329,"Allamakee-Clayton El Coop, Inc",IA
332,Allegheny Electric Coop Inc,PA
343,AEP Generating Company,OH
367,City of Alliance- (NE),NE
392,Alpena Power Co,MI
407,Altamaha Electric Member Corp,GA
416,City of Altus - (OK),OK
471,Amana Society Service Co,IA
540,BP Energy Company,TX
554,City of Ames - (IA),IA
560,City of Amherst- (OH),OH
562,Amicalola Electric Member Corp,GA
571,City of Amory,MS
577,City of Alcoa Utilities,TN
590,City of Anaheim - (CA),CA
599,Anchorage Municipal Light and Power,AK
604,City of Andalusia,AL
636,City of Anderson - (IN),IN
659,American Transmission Co,WI
689,Connexus Energy,MN
690,City of Bardstown - (KY),KY
691,City of Anoka,MN
694,Anza Electric Coop Inc,CA
712,Arkansas River Power Authority,CO
719,Town of Apex- (NC),NC
727,Appalachian Electric Coop,TN
733,Appalachian Power Co,OH
750,Arab Electric Coop Inc,AL
796,Arizona Electric Pwr Coop Inc,AZ
798,Arizona Power Authority,AZ
803,Arizona Public Service Co,AZ
807,Arkansas Electric Coop Corp,AR
814,Entergy Arkansas Inc,AR
817,Arkansas Valley Elec Coop Corp,AR
828,City of Arlington - (MN),MN
887,"Arrowhead Electric Coop, Inc",MN
907,City of Ashland - (OR),OR
918,City of Aspen- (CO),CO
924,"Associated Electric Coop, Inc",MO
942,Atchison-Holt Electric Coop,MO
944,City of Athens - (AL),AL
947,Athens Utility Board,TN
963,Atlantic City Electric Co,NJ
965,Atlantic Municipal Utilities,IA
970,Homefield Energy,IL
993,Auburn Board of Public Works,NE
994,City of Auburn - (IN),IN
998,City of Augusta - (KS),KS
1009,City of Austin - (MN),MN
1015,Austin Energy,TX
1024,City of Ava - (MO),MO
1036,Town of Ayden - (NC),NC
1050,City of Azusa,CA
1062,BARC Electric Coop Inc,VA
1101,Bagley Public Utilities Comm,MN
1148,City of Baldwin City- (KS),KS
1149,Baldwin County El Member Corp,AL
1167,Baltimore Gas & Electric Co,MD
1169,Bailey County Elec Coop Assn,TX
1175,"Bandera Electric Coop, Inc",TX
1176,City of Bandon - (OR),OR
1179,Emera Maine,ME
1181,Village of Bangor - (WI),WI
1192,City of Banning - (CA),CA
1196,Village of Baraga - (MI),MI
1201,Barbourville Utility Comm,KY
1233,City of Barnesville - (MN),MN
1251,Barron Electric Coop,WI
1273,"Bartlett Electric Coop, Inc",TX
1276,"Barrow Utils & Elec Coop, Inc",AK
1279,Barry Electric Coop,MO
1283,Bartholomew County Rural E M C,IN
1300,City of Bartow - (FL),FL
1301,"Barton County Elec Coop, Inc",MO
1307,Basin Electric Power Coop,ND
1325,City of Batavia - (IL),IL
1366,City of Bay City - (MI),MI
1367,"Bayfield Electric Coop, Inc",WI
1417,"Beartooth Electric Coop, Inc",MT
1427,City of Beatrice - (NE),NE
1456,Town of Bedford - (VA),VA
1458,"Beauregard Electric Coop, Inc",LA
1523,Town of Belmont - (MA),MA
1525,City of Beloit - (KS),KS
1529,"Beltrami Electric Coop, Inc",MN
1566,City of Bennettsville - (SC),SC
1572,Badger Power Marketing Authority,WI
1573,City of Benson - (MN),MN
1578,Benton County,TN
1579,PUD No 1 of Benton County,WA
1581,City of Benton - (AR),AR
1582,City of Benton - (KY),KY
1586,City of Bentonville - (AR),AR
1591,"Big Country Electric Coop, Inc",TX
1601,City of Beresford,SD
1611,"Linde Energy Services, Inc.",NJ
1613,Berkeley Electric Coop Inc,SC
1625,Benton Rural Electric Assn,WA
1640,City of Bessemer Utilities,AL
1675,Big Horn Rural Electric Co,WY
1683,"Big Horn County Elec Coop, Inc",MT
1692,Big Rivers Electric Corp,KY
1708,Big Sandy Rural Elec Coop Corp,KY
1723,"Big Bend Electric Coop, Inc",WA
1736,Blachly-Lane County Coop El Assn,OR
1738,Bonneville Power Administration,OR
1763,"Black River Electric Coop, Inc - (SC)",SC
1764,Black Diamond Power Co,WV
1769,"Black Hills Electric Coop, Inc",SD
1775,Black River Electric Coop - (MO),MO
1776,City of Black River Falls,WI
1780,Black Warrior Elec Member Corp,AL
1818,City of Blaine - (WA),WA
1857,Block Island Power Co,RI
1869,City of Bloomfield - (IA),IA
1883,Blue Earth Light & Water,MN
1884,BENCO Electric Cooperative,MN
1886,Blue Grass Energy Coop Corp,KY
1889,Blue Ridge Elec Member Corp - (NC),NC
1890,Blue Ridge Electric Coop Inc - (SC),SC
1891,Blue Ridge Mountain EMC - (GA),GA
1892,"Bluebonnet Electric Coop, Inc",TX
1896,City of Bluffton - (IN),IN
1898,"Bon Homme Yankton El Assn, Inc",SD
1913,City of Boerne,TX
1936,Bolivar Energy Authority,TN
1997,City of Boscobel - (WI),WI
2001,Boone Electric Coop,MO
2008,City of Boulder City - (NV),NV
2010,City of Bountiful,UT
2049,"Bowie-Cass Electric Coop, Inc",TX
2054,City of Bowling Green - (OH),OH
2056,City of Bowling Green - (KY),KY
2089,Bozrah Light & Power Company,CT
2138,Brainerd Public Utilities,MN
2144,Town of Braintree - (MA),MA
2152,Powerex Corporation,CN
2172,Brazos Electric Power Coop Inc,TX
2182,City of Breckenridge- (MN),MN
2192,Bremen Electric Light & Power Co,IN
2194,City of Brenham - (TX),TX
2206,City of Brewster - (MN),MN
2212,"Broad River Electric Coop, Inc",SC
2215,"Bridger Valley Elec Assn, Inc",WY
2220,Brigham City Corporation,UT
2247,City of Bristol - (TN),TN
2248,Bristol Virginia Utilities,VA
2273,Brodhead Water & Lighting Comm,WI
2277,City of Broken Bow - (NE),NE
2285,City of Brookings - (SD),SD
2316,Brown County Rural Elec Assn,MN
2354,Brown-Atchison E C A Inc,KS
2394,Burke-Divide Electric Coop Inc,ND
2409,Brownsville Public Utilities Board,TX
2411,City of Brownsville,TN
2439,City of Bryan - (OH),OH
2442,City of Bryan - (TX),TX
2481,Cargill Power Markets LLC,MN
2485,City of Buffalo - (MN),MN
2487,City of Buford,GA
2502,"Buckeye Rural Elec Coop, Inc",OH
2507,City of Burbank Water and Power,CA
2545,City of Burley - (ID),ID
2548,City of Burlington Electric - (VT),VT
2551,City of Burlington - (KS),KS
2599,Burt County Public Power Dist,NE
2641,"Butler Rural El Coop Assn, Inc - (KS)",KS
2643,Butler Public Power District - (NE),NE
2650,Borough of Butler - (NJ),NJ
2651,Butler Rural Electric Coop Inc - (OH),OH
2652,Butler County Rural Elec Coop - (IA),IA
2655,"Butte Electric Coop, Inc",SD
2678,C & L Electric Coop Corp,AR
2773,City of Cairo - (GA),GA
2774,CMS Electric Coop Inc,KS
2812,City of Calhoun - (GA),GA
2830,Calpine Power America LLC,TX
2849,Central Electric Power Assn - (MS),MS
2857,Calpine Energy Services LP,TX
2888,City of Cambridge - (NE),NE
2890,City of Camden,SC
2900,City of Cameron,MO
2903,Canoochee Electric Member Corp,GA
2910,City of Camilla,GA
2911,"Canadian Valley Elec Coop, Inc",OK
2955,Canby Utility Board,OR
2960,"Caney Fork Electric Coop, Inc",TN
2961,"Caney Valley El Coop Assn, Inc",KS
2974,Canton Municipal Utilities,MS
2982,Cape Hatteras Elec Member Corp,NC
2985,"Capital Electric Coop, Inc",ND
2986,"Cam Wal Electric Coop, Inc",SD
2998,"Carbon Power & Light, Inc",WY
3046,Duke Energy Progress - (NC),NC
3075,Carroll County - (TN),TN
3076,"Carroll Electric Coop, Inc - (OH)",OH
3081,Carroll Electric Member Corp - (GA),GA
3093,Carroll Electric Coop Corp - (AR),AR
3107,Carteret-Craven El Member Corp,NC
3108,City of Cartersville - (GA),GA
3113,City of Carthage - (MO),MO
3203,Cedar Falls Utilities,IA
3205,Cedar-Knox Public Power Dist,NE
3208,Cedarburg Light & Water Comm,WI
3216,City of Celina - (OH),OH
3222,Central Alabama Electric Coop,AL
3226,"Central Rural Electric Cooperative, Inc",OK
3235,City of Central City,NE
3236,"Central Electric Coop, Inc - (SD)",SD
3240,Central Electric Coop Inc - (OR),OR
3242,Central Electric Power Coop - (MO),MO
3245,"Central Florida Elec Coop, Inc",FL
3248,Central Georgia El Member Corp,GA
3249,Central Hudson Gas & Elec Corp,NY
3250,Central Electric Membership Corp. - (NC),NC
3255,California Dept. of Water Resources,CA
3258,Central Iowa Power Cooperative,IA
3264,Central Lincoln People's Ut Dt,OR
3265,Cleco Power LLC,LA
3266,Central Maine Power Co,ME
3268,Central Missouri Elec Coop Inc,MO
3271,Central Nebraska Pub P&I Dist,NE
3273,"Central New Mexico El Coop, Inc",NM
3278,AEP Texas Central Company,OK
3279,"Central Power Elec Coop, Inc",ND
3282,"Central Texas Elec Coop, Inc",TX
3287,"Central Valley Elec Coop, Inc",NM
3291,Central Virginia Electric Coop,VA
3293,Central Wisconsin Elec Coop,WI
3295,City of Centralia - (WA),WA
3314,"Chariton Valley Elec Coop, Inc",IA
3315,"Charles Mix Electric Assn, Inc",SD
3329,Borough of Chambersburg,PA
3355,City of Chanute,KS
3400,City of Chaska - (MN),MN
3408,City of Chattanooga - (TN),TN
3413,PUD No 1 of Chelan County,WA
3420,City of Cheney - (WA),WA
3426,Cherokee Electric Coop,AL
3435,"Cherry-Todd Electric Coop, Inc",SD
3436,Cherryland Electric Coop Inc,MI
3461,Cheyenne Light Fuel & Power Co,WY
3470,Cherokee County Elec Coop Assn,TX
3475,City of Chickamauga,GA
3477,City of Chicopee - (MA),MA
3478,Cimarron Electric Coop,OK
3486,Chillicothe Municipal Utils,MO
3495,Chimney Rock Public Power Dist,NE
3498,Chippewa Valley Electric Coop,WI
3502,"Choctawhatche Elec Coop, Inc",FL
3503,"Choptank Electric Coop, Inc",MD
3519,Central Minnesota Municipal Power Agency,MN
3522,Chugach Electric Assn Inc,AK
3527,Choctaw Electric Coop Inc,OK
3542,Duke Energy Ohio Inc,OH
3570,CL Power Sales Eight LLC,CA
3597,Citizens Electric Co - (PA),PA
3600,Citizens Electric Corporation - (MO),MO
3601,Boston Energy Marketing and Trading LLC,MA
3634,City of Nixa - (MO),MO
3641,"Claiborne Electric Coop, Inc",LA
3644,PUD No 1 of Clallam County,WA
3647,City of Claremore,OK
3660,PUD No 1 of Clark County - (WA),WA
3687,Clark Energy Coop Inc - (KY),KY
3701,Clark Electric Coop - (WI),WI
3702,Clarksdale Public Utilities,MS
3704,City of Clarksville - (TN),TN
3705,Clarksville Light & Water Co,AR
3710,City of Clay Center - (KS),KS
3712,Clay County Electric Coop Corp,AR
3716,Clay-Union Electric Corp,SD
3722,Clarke Electric Coop Inc - (IA),IA
3731,Town of Clayton,NC
3732,Town of Clayton,DE
3739,Clearwater Power Company,ID
3755,Cleveland Electric Illum Co,OH
3757,"Clay Electric Cooperative, Inc",FL
3758,City of Cleveland - (TN),TN
3762,City of Cleveland - (OH),OH
3764,Clearwater-Polk Elec Coop Inc,MN
3774,City of Clewiston,FL
3804,Clinton Combined Utility Sys,SC
3806,"Clinton County Elec Coop, Inc",IL
3812,City of Clinton - (TN),TN
3814,City of Clintonville - (WI),WI
3824,Clyde Light & Power,OH
3828,Cloverland Electric Co-op,MI
3839,Coahoma Electric Power Assn,MS
3841,Coast Electric Power Assn,MS
3843,Coastal Electric Member Corp,GA
3844,"Coastal Electric Coop, Inc",SC
3850,"Codington-Clark Elec Coop, Inc",SD
3855,Columbia Power System,TN
3881,City of Cody,WY
3892,City of Coffeyville - (KS),KS
3913,City of Colby - (KS),KS
3915,Coldwater Board of Public Util,MI
3916,Cobb Electric Membership Corp,GA
3931,Coles-Moultrie Electric Coop,IL
3938,"Coleman County Elec Coop, Inc",TX
3939,City of College Park - (GA),GA
3940,City of College Station - (TX),TX
3989,City of Colorado Springs - (CO),CO
3991,CMS Energy Resource Management Corp,MI
4003,City of Colton - (CA),CA
4005,"Columbia Basin Elec Cooperative, Inc",OR
4007,City of Columbia City - (IN),IN
4008,Columbia Power Coop Assn Inc,OR
4040,Calhoun County Elec Coop Assn,IA
4041,"Columbia Rural Elec Assn, Inc",WA
4045,City of Columbia - (MO),MO
4063,Co-Mo Electric Coop Inc,MO
4065,City of Columbus - (OH),OH
4068,City of Columbus - (MS),MS
4071,"Columbus Electric Coop, Inc",NM
4073,City of Columbus - (WI),WI
4100,"Commerce Energy, Inc.",CA
4110,Commonwealth Edison Co,IL
4117,Community Electric Coop,VA
4146,Concho Valley Elec Coop Inc,TX
4147,Town of Concord - (MA),MA
4150,City of Concord - (NC),NC
4153,"Concordia Electric Coop, Inc",LA
4160,Callaway Electric Cooperative,MO
4166,"CECG Maine, LLC",MD
4176,Connecticut Light & Power Co,CT
4180,Connecticut Mun Elec Engy Coop,CT
4191,Consolidated Edison Sol Inc,NY
4226,Consolidated Edison Co-NY Inc,NY
4237,Consolidated Electric Coop,MO
4247,Consolidated Water Power Co,WI
4254,Consumers Energy Co,MI
4262,Cooke County Elec Coop Assn,TX
4265,Continental Divide El Coop Inc,NM
4280,Conway Corporation,AR
4294,City of Cookeville - (TN),TN
4295,Comanche County Elec Coop Assn,TX
4296,"Cookson Hills Elec Coop, Inc",OK
4317,"Coos-Curry Electric Coop, Inc",OR
4327,Coosa Valley Electric Coop Inc,AL
4329,"Copper Valley Elec Assn, Inc",AK
4346,Cooperative L&P Assn Lake County,MN
4356,Colorado River Comm of Nevada,NV
4362,Corn Belt Energy Corporation,IL
4363,Corn Belt Power Coop,IA
4373,Cornhusker Public Power Dist,NE
4390,City of Corona - (CA),CA
4401,"Cotton Electric Coop, Inc",OK
4410,Coral Power LLC,TX
4430,"Covington Electric Coop, Inc",AL
4432,Coweta-Fayette El Member Corp,GA
4433,City of Covington - (GA),GA
4437,City of Covington - (TN),TN
4442,PUD No 1 of Cowlitz County,WA
4459,Cozad Board of Public Works,NE
4471,Craig-Botetourt Electric Coop,VA
4508,"Crawfordsville Elec, Lgt & Pwr",IN
4509,Craighead Electric Coop Corp,AR
4524,"Crawford Electric Coop, Inc",MO
4527,City of Crete,NE
4538,Crisp County Power Comm,GA
4577,Crow Wing Cooperative Power & Light Comp,MN
4604,City of Crystal Falls,MI
4607,City of Cuba City,WI
4610,City of Cuero - (TX),TX
4617,Cullman Power Board,AL
4618,"Cullman Electric Coop, Inc",AL
4619,Town of Culpeper- (VA),VA
4622,"Cumberland Valley Electric, Inc.",KY
4624,Cumberland Elec Member Corp,TN
4632,Cuming County Public Pwr Dist,NE
4667,City of Cushing - (OK),OK
4671,Custer Public Power District,NE
4675,Cuivre River Electric Coop Inc,MO
4683,City of Cuyahoga Falls - (OH),OH
4704,"DS&O Electric Cooperative, Inc.",KS
4715,Dahlberg Light & Power Co,WI
4716,Dairyland Power Coop,WI
4717,Dakota Valley Elec Coop Inc,ND
4720,Dakota Energy Coop Inc,SD
4743,"Consumers Power, Inc",OR
4744,Dalton Utilities,GA
4794,City of Danville - (VA),VA
4796,"Darke Rural Electric Coop, Inc",OH
4836,City of David City,NE
4848,Daviess Martin County R E M C,IN
4911,Dawson Power District,NE
4920,City of Dayton - (TN),TN
4922,Dayton Power & Light Co,OH
4939,"Deaf Smith Electric Coop, Inc",TX
4958,Decatur Utilities,AL
4960,Decatur County Rural E M C,IN
4975,Deep East Texas Elec Coop Inc,TX
5015,Delano Municipal Utilities,MN
5027,Delmarva Power,DE
5056,City of Denison - (IA),IA
5063,City of Denton - (TX),TX
5070,Delaware Electric Cooperative,DE
5078,"Denton County Elec Coop, Inc",TX
5086,Delta Montrose Electric Assn,CO
5109,DTE Electric Company,MI
5111,City of Detroit Lakes - (MN),MN
5148,City of Dickson,TN
5175,Dixie Electric Power Assn,MS
5202,Dixie Electric Membership Corp,LA
5204,Dixie Electric Coop,AL
5309,City of Dothan - (AL),AL
5325,City of Douglas,GA
5326,PUD No 1 of Douglas County,WA
5327,Douglas Electric Coop - (OR),OR
5328,"Douglas Electric Coop, Inc",SD
5335,City of Dover - (DE),DE
5336,City of Dover - (OH),OH
5394,Dubois Rural Electric Coop Inc,IN
5399,Duck River Elec Member Corp,TN
5416,"Duke Energy Carolinas, LLC",NC
5417,Dunn County Electric Coop,WI
5429,City of Duncan - (OK),OK
5470,ConocoPhillips Company,TX
5480,Town of Danvers,MA
5487,Duquesne Light Co,PA
5509,City of Dyersburg,TN
5535,Egyptian Electric Coop Assn,IL
5551,City of Eagle River - (WI),WI
5552,"East River Elec Pwr Coop, Inc",SD
5574,East Central Energy,MN
5575,City of East Grand Forks - (MN),MN
5578,East Mississippi Elec Pwr Assn,MS
5580,"East Kentucky Power Coop, Inc",KY
5582,City of East Point - (GA),GA
5585,Eastern Illinois Elec Coop,IL
5588,East-Central Iowa Rural Elec Coop,IA
5598,East Central Oklahoma Elec Coop Inc,OK
5605,Eastern Iowa Light & Power Coop,IA
5609,Eastern Maine Electric Coop,ME
5625,Easton Utilities Comm,MD
5632,Eau Claire Electric Coop,WI
5644,"Edisto Electric Coop, Inc",SC
5656,Edgecombe-Martin County E M C,NC
5661,City of Edmond - (OK),OK
5701,El Paso Electric Co,TX
5703,Empire Natural Gas Corporation,NY
5729,Electrical Dist No8 Maricopa,AZ
5730,City of Elberton,GA
5742,Eldridge City Utilities,IA
5748,Electric Energy Inc,IL
5760,City of Elizabeth City - (NC),NC
5763,City of Elizabethton - (TN),TN
5773,City of Elk River,MN
5777,City of Elkhorn - (WI),WI
5780,Elkhorn Rural Public Pwr Dist,NE
5832,Elmhurst Mutual Power & Light Co,WA
5841,City of Ely - (MN),MN
5860,Empire District Electric Co,MO
5862,"Empire Electric Assn, Inc",CO
5880,"Energy Coop of New York, Inc",NY
5905,Excelsior Electric Member Corp,GA
5929,"Fairfield Electric Coop, Inc",SC
5930,Village of Fairport - (NY),NY
5935,Borough of Ephrata - (PA),PA
5953,"Entergy Solutions, Ltd",TX
5961,Town of Erwin - (TN),TN
5964,"Escambia River Elec Coop, Inc",FL
5969,City of Escondido - (CA),CA
5997,Town of Estes Park,CO
5998,City of Estherville - (IA),IA
6008,City of Etowah,TN
6019,City of Eudora - (KS),KS
6022,City of Eugene - (OR),OR
6043,City of Evansville,WI
6112,"Farmers Electric Coop, Inc - (IA)",IA
6132,City of Fairbury,NE
6138,City of Fairfax - (MN),MN
6145,City of Fairhope - (AL),AL
6149,City of Ellensburg - (WA),WA
6151,Fairmont Public Utilities Comm,MN
6168,Farmers Electric Coop - (IA),IA
6169,Fall River Rural Elec Coop Inc,ID
6173,Fannin County Electric Coop,TX
6175,City of Falls City - (NE),NE
6181,"Farmers Electric Coop, Inc - (MO)",MO
6182,"Farmers Electric Coop, Inc - (TX)",TX
6183,"Fayette Electric Coop, Inc",TX
6194,Farmers Rural Electric Coop Corp - (KY),KY
6198,"Farmers Electric Coop, Inc - (NM)",NM
6204,City of Farmington - (NM),NM
6205,City of Farmington - (MO),MO
6207,Farmington River Power Company,CT
6234,City of Fayetteville,TN
6235,Fayetteville Public Works Commission,NC
6258,Federated Rural Electric Assn,MN
6272,"FEM Electric Assn, Inc",SD
6297,PUD No 1 of Ferry County,WA
6335,"Firelands Electric Coop, Inc",OH
6342,First Electric Coop Corp,AR
6369,Fishers Island Utility Co Inc,NY
6374,Fitchburg Gas and Electric Light Company,NH
6380,Fitzgerald Wtr Lgt & Bond Comm,GA
6389,FirstEnergy Generation Corp,OH
6390,City of Flandreau,SD
6395,Flathead Electric Coop Inc,MT
6411,Flint Electric Membership Corp,GA
6417,City of Flora - (IL),IL
6422,City of Florence - (AL),AL
6424,Florence Utility Comm,WI
6427,City of Floresville,TX
6431,"Flint Hills Rural E C A, Inc",KS
6442,Fleming-Mason Energy Coop Inc,KY
6443,"Florida Keys El Coop Assn, Inc",FL
6452,Florida Power & Light Co,FL
6455,"Duke Energy Florida, LLC",FL
6457,Florida Public Utilities Co,FL
6458,First Energy Solutions Corp.,OH
6491,Foley Board of Utilities,AL
6567,Florida Municipal Power Agency,FL
6579,City of Forest City- (IA),IA
6580,Town of Forest City,NC
6582,City of Forest Grove,OR
6604,City of Fort Collins - (CO),CO
6608,Fort Loudoun Electric Coop,TN
6610,City of Fort Morgan,CO
6611,Fort Belknap Electric Coop Inc,TX
6612,Fort Payne Improvement Authority,AL
6615,City of Fort Pierre - (SD),SD
6616,Fort Pierce Utilities Authority,FL
6617,Fort Valley Utility Comm,GA
6638,City of Fountain,CO
6640,Four County Elec Member Corp,NC
6641,4-County Electric Power Assn,MS
6707,City of Frankfort - (IN),IN
6708,City of Frankfort - (KY),KY
6709,Easley Combined Utility System,SC
6710,Town of Edenton - (NC),NC
6715,City of Franklin - (VA),VA
6716,PUD No 1 of Franklin County,WA
6717,Franklin Electric Coop - (AL),AL
6718,City of Franklin - (KY),KY
6722,Franklin Rural Electric Coop - (IA),IA
6752,Town of Frederick - (CO),CO
6758,City of Fredericksburg - (TX),TX
6775,Village of Freeport - (NY),NY
6779,City of Fremont - (NE),NE
6782,Freeborn-Mower Coop Services,MN
6784,French Broad Elec Member Corp,NC
6803,Town of Front Royal,VA
6804,Frontier Power Company,OH
6839,City of Fulton - (MO),MO
6840,City of Fulton - (KY),KY
6894,City of Gaffney - (SC),SC
6907,City of Greendale,IN
6909,Gainesville Regional Utilities,FL
6914,City of Galion,OH
6923,City of Gallatin - (TN),TN
6930,City of Gallup - (NM),NM
6941,City of Garden City,KS
6949,City of Gardner - (KS),KS
6950,Garland Light & Power Company,WY
6957,"Garkane Energy Coop, Inc",UT
6958,City of Garland - (TX),TX
6965,City of Garnett - (KS),KS
7004,"Buckeye Power, Inc",OH
7024,Gascosage Electric Coop,MO
7027,City of Gastonia - (NC),NC
7090,GreyStone Power Corporation,GA
7096,City of Geneva- (IL),IL
7128,City of Georgetown - (SC),SC
7129,City of Georgetown - (TX),TX
7140,Georgia Power Co,GA
7149,City of Gering - (NE),NE
7174,Gibson Electric Members Corp,TN
7197,Georgia Transmission Corp,GA
7222,City of Gillette - (WY),WY
7257,City of Girard - (KS),KS
7262,"Glacier Electric Coop, Inc",MT
7264,"Glades Electric Coop, Inc",FL
7265,City of Gladstone,MI
7270,City of Glasgow - (KY),KY
7279,"NextEra Energy Services, LLC",TX
7292,Glencoe Light & Power Comm,MN
7294,City of Glendale - (CA),CA
7300,City of Glenwood Springs - (CO),CO
7303,Raccoon Valley Electric Cooperative,IA
7349,"Golden Spread Electric Cooperative, Inc",TX
7353,Golden Valley Elec Assn Inc,AK
7374,City of Goodland - (KS),KS
7411,City of Gothenburg - (NE),NE
7443,City of Graettinger - (IA),IA
7450,Grady Electric Membership Corp,GA
7456,Graham County Electric Coop Inc,AZ
7460,Goodhue County Coop Elec Assn,MN
7483,City of Grand Haven - (MI),MI
7484,"Grand Electric Coop, Inc",SD
7489,Grand Rapids Public Util Comm,MN
7490,Grand River Dam Authority,OK
7548,PUD No 1 of Grays Harbor County,WA
7554,Green Mountain Energy Company,TX
7558,Grayson Rural Electric Coop Corp,KY
7559,"Grayson-Collin Elec Coop, Inc",TX
7561,"Greenbelt Electric Coop, Inc",TX
7563,Grand Valley Power,CO
7570,Great River Energy,MN
7593,City of Green Cove Springs,FL
7601,Green Mountain Power Corp,VT
7625,City of Greeneville - (TN),TN
7626,City of Greenfield - (IA),IA
7627,City of Greenfield - (IN),IN
7634,City of Greenville - (TX),TX
7639,Greenville Utilities Comm,NC
7646,Greenwood CPW,SC
7651,Greenwood Utilities Comm,MS
7654,Greer Commission of Public Wks,SC
7679,City of Griffin,GA
7716,Groton Dept of Utilities - (CT),CT
7720,"Grundy Electric Coop, Inc",MO
7743,Grundy Center Mun Light & Power,IA
7750,Guthrie County Rural E C A,IA
7751,Guadalupe Blanco River Authority,TX
7752,Guadalupe Valley Elec Coop Inc,TX
7785,"Gulf Coast Electric Coop, Inc",FL
7787,Gunnison County Elec Assn.,CO
7801,Gulf Power Co,FL
7826,City of Gunnison - (CO),CO
7827,Guntersville Electric Board,AL
7864,Grundy County Rural Elec Coop,IA
7870,H-D Electric Coop Inc,SD
7887,Habersham Electric Membership Corp,GA
7891,Guernsey-Muskingum El Coop Inc,OH
7908,Hagerstown Light Department,MD
7969,City of Halstad - (MN),MN
7977,City of Hamilton - (OH),OH
7978,Halifax Electric Member Corp,NC
7979,Hamilton County Elec Coop Assn,TX
8000,NineStar Connect,IN
8034,Hancock-Wood Electric Coop Inc,OH
8055,City of Hannibal - (MO),MO
8104,Town of Hardwick,VT
8122,Harlan Municipal Utilities - (IA),IA
8147,City of Harriman - (TN),TN
8179,Harrison County Rural E M C,IN
8198,City of Harrisonburg - (VA),VA
8199,City of Harrisonville - (MO),MO
8210,Hart Electric Member Corp,GA
8212,Hartford Electric,WI
8226,City of Hartselle,AL
8245,City of Hastings - (NE),NE
8276,Havana Power & Light Company,FL
8283,Harrison County Rrl Elec Coop,IA
8287,Hawaii Electric Light Co Inc,HI
8288,City of Hawarden - (IA),IA
8307,Hawley Public Utilities Comm,MN
8319,Heartland Power Coop,IA
8333,Haywood Electric Member Corp,NC
8348,City of Healdsburg - (CA),CA
8366,Heber Light & Power Company,UT
8375,City of Hebron - (NE),NE
8447,Hendricks County Rural E M C,IN
8449,Henderson City Utility Comm,KY
8466,Henry County Rural E M C,IN
8515,City of Hermiston,OR
8543,Hibbing Public Utilities Comm,MN
8548,City of Hickman,KY
8566,High Plains Power Inc,WY
8570,Highline Electric Assn,CO
8571,Town of High Point,NC
8573,City of Highland,IL
8574,"Jackson Electric Coop, Inc - (WI)",WI
8610,City of Hinton,IA
8620,"HILCO Electric Cooperative, Inc.",TX
8631,Hillsdale Board of Public Wks,MI
8632,"Hill County Electric Coop, Inc",MT
8637,"Hino Electric Holding Company, LP.",TX
8699,Inland Power & Light Company,WA
8717,City of Holdrege,NE
8723,City of Holland,MI
8748,City of Holly Springs,MS
8761,Holmes-Wayne Electric Coop Inc,OH
8764,"Holston Electric Coop, Inc",TN
8770,City of Holton  - (KS),KS
8773,"Holy Cross Electric Assn, Inc",CO
8774,City of Holyoke - (MA),MA
8780,"Fox Islands Electric Coop, Inc",ME
8786,Horry Electric Coop Inc,SC
8795,City of Homestead - (FL),FL
8796,City of Hingham - (MA),MA
8824,M J M Electric Cooperative Inc,IL
8830,Hood River Electric Coop,OR
8840,City of Hope,AR
8846,City of Hopkinsville,KY
8883,Houlton Water Company,ME
8884,Terrebonne Parish Consol Gov't,LA
8898,Houston County Elec Coop Inc,TX
8901,CenterPoint Energy,TX
8911,Howard Electric Coop,MO
8924,Howard Greeley Rural P P D,NE
8934,"Howell-Oregon Elec Coop, Inc",MO
8972,City of Hudson - (OH),OH
8973,Town of Hudson - (MA),MA
9011,City of Hugoton - (KS),KS
9023,City of Humboldt,TN
9087,Town of Huntersville - (NC),NC
9094,City of Huntsville - (AL),AL
9096,City of Lafayette - (LA),LA
9124,Hustisford Utilities,WI
9128,Hurricane City Power,UT
9130,Hutchinson Utilities Comm,MN
9163,Hyrum City Corporation,UT
9187,City of Idaho Falls - (ID),ID
9191,Idaho Power Co,ID
9209,Illinois Rural Electric Coop,IL
9216,Imperial Irrigation District,CA
9217,City of Imperial,NE
9230,City of Independence - (IA),IA
9231,City of Independence - (MO),MO
9234,Indiana Municipal Power Agency,IN
9246,"Indian Electric Coop, Inc",OK
9267,"Hoosier Energy R E C, Inc",IN
9269,Indiana-Kentucky Electric Corp,OH
9273,Indianapolis Power & Light Co,IN
9275,Indianola Municipal Utilities,IA
9286,Illinois Municipal Elec Agency,IL
9292,Inter County Energy Coop Corp,KY
9324,Indiana Michigan Power Co,IN
9331,Intercounty Electric Coop Assn,MO
9336,Intermountain Rural Elec Assn,CO
9417,Interstate Power and Light Co,IA
9418,City of Iola - (KS),KS
9425,Iowa Lakes Electric Coop,IA
9431,Irwin Electric Membership Corp,GA
9442,Town of Ipswich - (MA),MA
9475,Itasca-Mantrap Co-op Electrical Assn,MN
9575,Jackson Energy Coop Corp - (KY),KY
9576,Jackson County Rural E M C - (IN),IN
9590,"Jackson Electric Coop, Inc - (TX)",TX
9598,City of Jackson - (OH),OH
9599,City of Jackson - (MN),MN
9601,Jackson Electric Member Corp - (GA),GA
9603,City of Jackson - (MO),MO
9605,Jackson Purchase Energy Corporation,KY
9612,City of Jackson - (TN),TN
9613,City of Lebanon - (IN),IN
9616,Beaches Energy Services,FL
9617,JEA,FL
9645,Jamestown Board of Public Util,NY
9664,City of Jasper - (TX),TX
9665,Jasper County Rural E M C,IN
9666,Jay County Rural E M C,IN
9667,City of Jasper - (IN),IN
9668,"Jasper-Newton Elec Coop, Inc",TX
9682,"Jefferson Davis Elec Coop, Inc",LA
9689,Jefferson Electric Member Corp,GA
9690,Jefferson Utilities,WI
9697,City of Jellico,TN
9699,"Jemez Mountains Elec Coop, Inc",NM
9726,Jersey Central Power & Lt Co,OH
9734,City of Jewett City - (CT),CT
9739,Joe Wheeler Elec Member Corp,AL
9750,"Jo-Carroll Energy, Inc",IL
9777,Johnson City - (TN),TN
9778,Johnson County Rural E M C,IN
9837,Jones-Onslow Elec Member Corp,NC
9879,City Water and Light Plant,AR
9922,Jump River Electric Coop Inc,WI
9936,Juneau Utility Comm,WI
9949,Just Energy,CN
9961,Kansas Electric Power Coop Inc,KS
9964,Kenergy Corp,KY
9979,KAMO Electric Coop Inc,OK
9991,Kandiyohi Power Coop,MN
9996,City of Kansas City - (KS),KS
9999,Kankakee Valley Rural E M C,IN
10000,Kansas City Power & Light Co,MO
10005,Kansas Gas & Electric Co,KS
10009,Karnes Electric Coop Inc,TX
10012,Kay Electric Coop,OK
10019,FreeState Electric Coop,KS
10035,Kansas Municipal Energy Agency,KS
10056,City of Kaukauna,WI
10057,City of Lamar - (MO),MO
10063,Kaysville City Corporation,UT
10065,KBR Rural Public Power District,NE
10066,K C Electric Association,CO
10071,Kauai Island Utility Cooperative,HI
10144,Kennebunk Light & Power Dist,ME
10152,City of Kennett - (MO),MO
10153,KEM Electric Coop Inc,ND
10170,"Kiamichi Electric Coop, Inc",OK
10171,Kentucky Utilities Co,KY
10179,Kenyon Municipal Utilities,MN
10210,Ketchikan Public Utilities,AK
10226,City of Key West - (FL),FL
10260,City of Kimball - (NE),NE
10321,City of Kingman - (KS),KS
10324,City of Kings Mountain - (NC),NC
10325,Kings River Conservation Dist,CA
10331,Kingsport Power Co,OH
10345,City of Kinston - (NC),NC
10370,City of Kirkwood - (MO),MO
10376,Kissimmee Utility Authority,FL
10378,"Kit Carson Electric Coop, Inc",NM
10393,PUD No 1 of Klickitat County,WA
10421,Knoxville Utilities Board,TN
10433,Kodiak Electric Assn Inc,AK
10448,Kosciusko County Rural E M C,IN
10451,Kotzebue Electric Assn Inc,AK
10454,Kootenai Electric Coop Inc,ID
10508,Village of L'Anse - (MI),MI
10539,"La Plata Electric Assn, Inc",CO
10550,McCook Public Power District,NE
10558,"LaCreek Electric Assn, Inc",SD
10562,Lagrange County Rural E M C,IN
10574,L & O Power Co-operative,IA
10579,City of LaFollette,TN
10585,City of La Grange - (GA),GA
10595,City of Lake City - (MN),MN
10596,City of Lake Crystal - (MN),MN
10599,"Lake Region Electric Coop, Inc - (OK)",OK
10603,"Laclede Electric Coop, Inc",MO
10605,Lake Mills Light & Water,WI
10606,City of Lake Mills,IA
10610,"Lake Placid Village, Inc - (NY)",NY
10618,Lake Region Electric Cooperative - (MN),MN
10620,City of Lake Worth - (FL),FL
10623,City of Lakeland - (FL),FL
10624,Southern Rivers Energy,GA
10625,"Lamb County Electric Coop, Inc",TX
10627,Lakeview Light & Power,WA
10629,City of Lakota - (ND),ND
10632,"Lake Region Electric Assn, Inc - (SD)",SD
10649,Lamar County Elec Coop Assn,TX
10650,City of Lamoni - (IA),IA
10656,City of Lampasas - (TX),TX
10668,Licking Rural Electric Inc,OH
10681,Lane Electric Coop Inc,OR
10697,Lake Country Power,MN
10702,Borough of Lansdale,PA
10704,City of Lansing - (MI),MI
10713,City of Larned - (KS),KS
10724,Lassen Municipal Utility District,CA
10728,"Lane-Scott Electric Coop, Inc",KS
10768,"Laurens Electric Coop, Inc",SC
10769,City of Laurens - (IA),IA
10770,City of Laurinburg - (NC),NC
10798,Lawrenceburg Municipal Utils,IN
10799,City of Lawrenceburg,TN
10800,City of Lawrenceville - (GA),GA
10814,City of Le Sueur - (MN),MN
10817,"Lea County Electric Coop, Inc",NM
10830,City of Lebanon - (OH),OH
10832,City of Lebanon - (MO),MO
10857,"Lee County Electric Coop, Inc",FL
10868,City of Leesburg - (FL),FL
10879,Lehi City Corporation,UT
10906,City of Lenoir - (TN),TN
10908,City of Lenox - (IA),IA
10944,PUD No 1 of Lewis County,WA
10960,City of Lewisburg - (TN),TN
10962,Lewis County Rural E C A,MO
10966,City of Lexington - (NC),NC
10967,City of Lexington - (NE),NE
10968,City of Lexington - (TN),TN
10982,City of Liberty - (TX),TX
11011,Licking Valley Rural E C C,KY
11014,"Lighthouse Electric Coop, Inc",TX
11018,Lincoln Electric System,NE
11019,Little River Electric Coop Inc,SC
11022,"Lincoln Electric Coop, Inc",MT
11053,Linn County REC,IA
11064,Litchfield Public Utilities,MN
11085,Town of Littleton - (MA),MA
11118,Lockhart Power Co,SC
11119,City of Lockhart - (TX),TX
11124,City of Lodi - (CA),CA
11125,City of Lodi - (WI),WI
11135,City of Logan - (UT),UT
11142,City of Logansport - (IN),IN
11148,City of Lompoc - (CA),CA
11171,Long Island Power Authority,NY
11187,City of Longmont,CO
11200,"Lorain-Medina R E C, Inc",OH
11203,Logan County Coop Power & Light,OH
11204,Los Alamos County,NM
11208,Los Angeles Department of Water & Power,CA
11222,Loudon Utilities Board,TN
11235,Lafayette Public Power Authority,LA
11241,Entergy Louisiana LLC,LA
11247,Louisville Electric System,MS
11249,Louisville Gas & Electric Co,KY
11250,Loup Valleys Rural P P D,NE
11251,Loup River Public Power Dist,NE
11256,City of Loveland - (CO),CO
11269,Lower Colorado River Authority,TX
11272,"Lower Yellowstone R E A, Inc",MT
11273,Lower Valley Energy Inc,WY
11291,Lumbee River Elec Member Corp,NC
11292,City of Lubbock - (TX),TX
11298,Lyon Rural Electric Coop,IA
11305,Village of Ludlow - (VT),VT
11318,City of Lumberton - (NC),NC
11332,City of Luverne - (MN),MN
11334,"Lyon-Coffey Electric Coop, Inc",KS
11345,Lyon-Lincoln Electric Coop Inc,MN
11355,"Lynches River Elec Coop, Inc",SC
11359,Village of Lyndonville - (VT),VT
11364,"Lyntegar Electric Coop, Inc",TX
11380,M & A Electric Power Coop,MO
11458,City of Macon - (MS),MS
11460,City of Macon - (MO),MO
11463,Macon Electric Coop,MO
11475,City of Madison - (SD),SD
11476,Borough of Madison - (NJ),NJ
11477,Town of Madison - (ME),ME
11479,Madison Gas & Electric Co,WI
11481,City of Madison - (NE),NE
11488,Madisonville Municipal Utils,KY
11501,Magic Valley Electric Coop Inc,TX
11519,Magnolia Electric Power Assn,MS
11521,"Maine Electric Power Co, Inc",ME
11560,City of Manassas - (VA),VA
11566,City of Mangum - (OK),OK
11568,Town of Manilla - (IA),IA
11571,Manitowoc Public Utilities,WI
11581,City of Manning,IA
11586,Town of Mansfield - (MA),MA
11589,"Harney Electric Coop, Inc",OR
11611,City of Maquoketa - (IA),IA
11624,City of Marblehead - (MA),MA
11643,Marias River Electric Coop Inc,MT
11646,City of Marietta - (GA),GA
11693,"Marlboro Electric Coop, Inc",SC
11701,City of Marquette - (MI),MI
11713,City of Marshall - (MI),MI
11714,Marshall-De Kalb Electric Coop,AL
11731,City of Marshall - (MN),MN
11732,City of Marshall - (MO),MO
11740,City of Marshfield - (WI),WI
11767,Marshall County Rural E M C,IN
11770,City of Martinsville - (VA),VA
11788,Consumers Energy,IA
11789,Maryville Utilities,TN
11804,Massachusetts Electric Co,NY
11806,Massachusetts Mun Wholes Electric Co,MA
11811,Town of Massena - (NY),NY
11824,Matanuska Electric Assn Inc,AK
11833,Municipal Energy Agency of MS,MS
11843,Maui Electric Co Ltd,HI
11871,City of Mayfield Plant Board,KY
11910,McLeod Cooperative Power Assn,MN
11989,McCone Electric Coop Inc,MT
12087,McKenzie Electric Coop Inc,ND
12090,"McLean Electric Coop, Inc",ND
12186,McMinnville Electric System,TN
12187,City of McMinnville - (OR),OR
12199,Montana-Dakota Utilities Co,ND
12208,City of McPherson - (KS),KS
12227,Meeker Coop Light & Power Assn,MN
12243,Meade County Rural E C C,KY
12260,Mecklenburg Electric Cooperative,VA
12265,City of Medford - (WI),WI
12268,"Medina Electric Coop, Inc",TX
12286,Melrose Public Utilities,MN
12293,City of Memphis - (TN),TN
12298,City of Menasha - (WI),WI
12301,Nodak Electric Coop Inc,ND
12312,Merced Irrigation District,CA
12323,Miami Power Corporation,OH
12330,Meriwether Lewis Electric Coop,TN
12341,MidAmerican Energy Co,IA
12351,City of Mesa - (AZ),AZ
12377,Midwest Energy Cooperative,MI
12390,Metropolitan Edison Co,OH
12395,Menard Electric Coop,IL
12397,Metropolitan Water District of S CA,CA
12406,Miami-Cass County Rural E M C,IN
12408,City of Miami - (OK),OK
12439,"Midstate Electric Coop, Inc",
12450,Midland Power Coop,IA
12452,Mid-South Electric Coop Assn,TX
12462,Mid-Carolina Electric Coop Inc,SC
12463,"Mid-Yellowstone Elec Coop, Inc",MT
12465,"System Energy Resources, Inc",MS
12470,Middle Tennessee E M C,TN
12472,Middle Georgia El Member Corp,GA
12473,Town of Middleborough - (MA),MA
12477,Town of Middleton,MA
12478,Town of Middletown - (DE),DE
12515,"Midwest Electric, Inc",OH
12524,Midwest Energy Inc,KS
12532,City of Milan,TN
12539,Midwest Electric Member Corp,NE
12540,City of Milford - (DE),DE
12541,City of Milford - (IA),IA
12546,Mille Lacs Energy Cooperative,MN
12580,City of Miller - (SD),SD
12615,City of Milton-Freewater- (OR),OR
12625,City of Minden - (LA),LA
12626,City of Minden - (NE),NE
12642,Maquoketa Valley Rrl Elec Coop,IA
12647,"ALLETE, Inc.",MN
12651,Minnesota Valley Electric Coop,MN
12658,"Minnkota Power Coop, Inc",ND
12660,Village of Minster - (OH),OH
12667,Minnesota Municipal Power Agency,MN
12674,City of Mishawaka,IN
12681,Mississippi County Electric Coop,AR
12685,Entergy Mississippi Inc,MS
12686,Mississippi Power Co,MS
12692,"Missoula Electric Coop, Inc",MT
12698,KCP&L Greater Missouri Operations Co.,MO
12700,Missouri Rural Electric Coop,MO
12706,Mitchell Electric Member Corp,GA
12710,Missouri Basin Muni Power Agny,SD
12744,Modern Electric Water Company,WA
12745,Modesto Irrigation District,CA
12782,City of Monett - (MO),MO
12789,City of Monmouth - (OR),OR
12796,Monongahela Power Co,PA
12800,City of Monroe - (GA),GA
12801,City of Monroe - (NC),NC
12803,"Monroe County Elec Coop, Inc",IL
12807,Michigan South Central Power Agency,MI
12825,NorthWestern Energy LLC - (MT),MT
12839,City of Montezuma - (IA),IA
12860,Morgan County Rural Elec Assn,CO
12866,Moon Lake Electric Assn Inc,UT
12894,City of Moorhead - (MN),MN
12897,Moose Lake Water & Light Comm,MN
12899,Mor-Gran-Sou Electric Coop Inc,ND
12900,City of Mora - (MN),MN
12901,Mora-San Miguel Elec Coop,NM
12915,Moreau-Grand Electric Coop Inc,SD
12917,Morgan Stanley Capital Grp Inc,NY
12919,Morenci Water and Electric Co,AZ
12927,Morgan City - (LA),LA
12929,South Central Indiana REMC,IN
12944,City of Morganton - (NC),NC
12988,City of Morristown - (TN),TN
12989,Village of Morrisville - (VT),VT
12990,Consolidated Electric Coop Inc,OH
13026,City of Moultrie - (GA),GA
13027,"Mountain Electric Coop, Inc",TN
13029,City of Moundridge - (KS),KS
13032,Mt Carmel Public Utility Co,IL
13036,Village of Mt. Horeb - (WI),WI
13038,City of Mt Pleasant - (IA),IA
13039,City of Mt Pleasant - (TN),TN
13040,City of Mount Vernon - (MO),MO
13050,"Mountain Parks Electric, Inc",CO
13058,"Mountain View Elec Assn, Inc",CO
13073,"Mt Wheeler Power, Inc",NV
13095,City of Mulvane - (KS),KS
13100,Municipal Electric Authority,GA
13119,City of Murfreesboro,TN
13137,City of Murray - (UT),UT
13138,City of Murray - (KY),KY
13143,Board of Water Electric & Communications,IA
13144,City of Muscle Shoals,AL
13145,Village of Muscoda - (WI),WI
13190,"N W Electric Power Coop, Inc",MO
13196,Northern Plains Electric Coop,ND
13206,Nantucket Electric Co,MA
13208,City of Naperville - (IL),IL
13209,City of Napoleon - (OH),OH
13214,The Narragansett Electric Co,RI
13216,Nashville Electric Service,TN
13227,Natchez Trace Elec Power Assn,MS
13228,City of Natchitoches,LA
13233,City of Neligh - (NE),NE
13292,Norris Electric Coop,IL
13314,Navajo Tribal Utility Authority,AZ
13318,"Navopache Electric Coop, Inc",AZ
13332,"Navarro County Elec Coop, Inc",TX
13334,City of Nebraska City,NE
13337,Nebraska Public Power District,NE
13352,City of Negaunee,MI
13355,New England Hydro-Tran Elec Co,MA
13356,New England Hydro-Trans Corp,NH
13374,"Constellation NewEnergy, Inc",MD
13380,City of Neodesha - (KS),KS
13386,"Nemaha-Marshall E C A, Inc",KS
13402,Nevada Irrigation District,CA
13407,Nevada Power Co,NV
13412,City of New Albany - (MS),MS
13416,City of New Bern - (NC),NC
13418,City of New Braunfels - (TX),TX
13424,New Castle Municipal Serv Comm,DE
13433,New England Power Company,NY
13437,City of Newbern,TN
13438,Village of New Glarus - (WI),WI
13441,New Hampshire Elec Coop Inc,NH
13444,City of New Hampton - (IA),IA
13448,City of New Holstein - (WI),WI
13467,New London Electric&Water Util,WI
13478,"Entergy New Orleans, LLC",LA
13480,New Prague Utilities Comm,MN
13481,City of New Richmond,WI
13482,New River Light & Power Co,NC
13485,New Smyrna Beach City of,FL
13488,New Ulm Public Utilities Comm,MN
13511,New York State Elec & Gas Corp,NY
13519,City of Newark - (DE),DE
13520,"New-Mac Electric Coop, Inc",MO
13523,City of Newberry - (SC),SC
13524,"Newberry Electric Coop, Inc",SC
13539,New York Mun Power Agency,NY
13547,"Newnan Wtr, Sewer & Light Comm",GA
13550,City of Newport,TN
13561,City of Newton - (NC),NC
13570,Ninnescah Rural E C A Inc,KS
13573,Niagara Mohawk Power Corp.,NY
13577,City of Nicholasville - (KY),KY
13602,City of Niles - (OH),OH
13604,City of Niles - (MI),MI
13610,Niobrara Valley El Member Corp,NE
13630,North Carolina Mun Power Agny #1,NC
13640,Northern Virginia Elec Coop,VA
13642,Nome Joint Utility Systems,AK
13646,City of Norcross- (GA),GA
13647,Noble County R E M C,IN
13651,Nolin Rural Electric Coop Corp,KY
13664,Norris Public Power District,NE
13669,North Alabama Electric Coop,AL
13670,"Northeast Texas Elec Coop, Inc",TX
13675,Nishnabotna Valley R E C,IA
13676,"North Arkansas Elec Coop, Inc",AR
13679,Town of North Attleborough - (MA),MA
13683,North Carolina El Member Corp,NC
13684,Nobles Cooperative Electric,MN
13687,North Carolina Eastern M P A,NC
13690,North Central MO Elec Coop Inc,MO
13693,"North Central Elec Coop, Inc",OH
13694,"North Central Elec Coop, Inc",ND
13697,North Central Power Co Inc,WI
13698,North Central Public Pwr Dist,NE
13700,North Itasca Electric Coop Inc,MN
13704,"North Western Elec Coop, Inc",OH
13716,North Georgia Elec Member Corp,GA
13718,City of North Little Rock - (AR),AR
13725,City of North Platte,NE
13726,North Shore Towers Apts Inc,NY
13730,City of North St Paul - (MN),MN
13731,"North Star Electric Coop, Inc",MN
13734,"Northeast Oklahoma Electric Coop, Inc",OK
13735,Northcentral Mississippi E P A,MS
13738,Northeast Missouri El Pwr Coop,MO
13739,Northeast Power,NE
13750,"Northern Electric Coop, Inc",SD
13756,Northern Indiana Pub Serv Co,IN
13757,North Plains Electric Coop Inc,TX
13758,"Northern Lights, Inc",ID
13762,"Northern Neck Elec Coop, Inc",VA
13780,Northern States Power Co - Wisconsin,MN
13781,Northern States Power Co - Minnesota,MN
13783,Northeast Louisiana Power Coop Inc.,LA
13788,Northern Wasco County PUD,OR
13789,Village of Northfield - (VT),VT
13798,Northwest Iowa Power Coop,IA
13799,Prairie Land Electric Coop Inc,KS
13805,Northwest Rural Pub Pwr Dist,NE
13807,Northwestern Electric Coop Inc - (OK),OK
13809,NorthWestern Energy - (SD),SD
13815,Northwestern Wisconsin Elec Co,WI
13825,Norwalk Third Taxing District,CT
13826,City of Norway,MI
13830,"Nueces Electric Coop, Inc",TX
13831,City of Norwich - (CT),CT
13838,"Northfork Electric Coop, Inc",OK
13839,City of Norwood - (MA),MA
13853,Oahe Electric Coop Inc,SD
13933,City of Oak Ridge,TN
13934,Ocmulgee Electric Member Corp,GA
13935,Oakdale&South San Joaquin Irrigation D.,CA
13936,Oakdale Electric Coop,WI
13949,City of Oberlin - (OH),OH
13955,City of Ocala,FL
13962,Oconee Electric Member Corp,GA
13963,Oconomowoc Utilities,WI
13964,Oconto Electric Cooperative,WI
13965,Oconto Falls Water & Light Comm,WI
13994,Oglethorpe Power Corporation,GA
13998,Ohio Edison Co,OH
14006,Ohio Power Co,OH
14012,"Ohop Mutual Light Company, Inc",WA
14015,Ohio Valley Electric Corp,OH
14055,PUD No 1 of Okanogan County,WA
14062,Oklahoma Electric Coop Inc,OK
14063,Oklahoma Gas & Electric Co,OK
14074,"Okanogan County Elec Coop, Inc",WA
14077,Oklahoma Municipal Power Authority,OK
14078,City of Okolona,MS
14107,City of Olivia - (MN),MN
14109,"Oregon Trail El Cons Coop, Inc",OR
14127,Omaha Public Power District,NE
14132,City of Onawa - (IA),IA
14146,City of Opelika - (AL),AL
14154,Orange & Rockland Utils Inc,NY
14159,City of Orange City - (IA),IA
14160,Orange County Rural E M C,IN
14164,City of Orangeburg - (SC),SC
14170,Orcas Power & Light Coop,WA
14172,City of Ord - (NE),NE
14175,"Tri-County Electric Coop, Inc",SC
14178,"P K M Electric Coop, Inc",MN
14191,South Feather Water and Power Agency,CA
14192,Osage Valley Elec Coop Assn,MO
14194,City of Orrville - (OH),OH
14199,City of Osage City - (KS),KS
14201,City of Osage - (IA),IA
14202,"Osceola Electric Coop, Inc",IA
14203,City of Osawatomie - (KS),KS
14216,City of Osceola - (AR),AR
14224,Otero County Electric Coop Inc,NM
14229,City of Ottawa - (KS),KS
14232,Otter Tail Power Co,MN
14238,Ouachita Electric Coop Corp,AR
14245,Overton Power District No 5,NV
14246,City of Owatonna - (MN),MN
14251,Owen Electric Coop Inc,KY
14268,City of Owensboro - (KY),KY
14275,City of Oxford - (MS),MS
14285,Ozark Border Electric Coop,MO
14288,Ozark Electric Coop Inc - (MO),MO
14289,Ozarks Electric Coop Corp - (AR),AR
14323,Pacific Northwest Generating Coop,OR
14324,PUD No 2 of Pacific County,WA
14328,Pacific Gas & Electric Co.,CA
14349,Avangrid Renewables,OR
14354,PacifiCorp,OR
14371,City of Paducah - (KY),KY
14373,Page Utility Enterprises,AZ
14381,City of Painesville,OH
14398,Palmetto Electric Coop Inc,SC
14401,City of Palo Alto - (CA),CA
14424,"Panola-Harrison Elec Coop, Inc",TX
14426,Panhandle Rural El Member Assn,NE
14446,Paragould Light & Water Comm,AR
14455,City of Paris - (TN),TN
14468,People's Cooperative Services,MN
14471,Parke County Rural E M C,IN
14500,Park Electric Coop Inc,MT
14505,Parkland Light & Water Company,WA
14534,City of Pasadena - (CA),CA
14537,Pascoag Utility District,RI
14557,"Pee Dee Electric Coop, Inc",SC
14563,Pearl River Valley El Pwr Assn,MS
14582,City of Pawhuska - (OK),OK
14599,"Paulding-Putman Elec Coop, Inc",OH
14600,Payson City Corporation,UT
14602,Pea River Electric Coop,AL
14605,City of Peabody - (MA),MA
14606,"Peace River Electric Coop, Inc",FL
14610,Orlando Utilities Comm,FL
14624,PUD No 2 of Grant County,WA
14626,"Pedernales Electric Coop, Inc",TX
14645,City of Pella - (IA),IA
14649,Planters Electric Member Corp,GA
14653,PUD No 1 of Pend Oreille County,WA
14668,Peninsula Light Company,WA
14711,Pennsylvania Electric Co,OH
14712,Pemiscot-Dunklin Elec Coop Inc,MO
14715,PPL Electric Utilities Corp,PA
14716,Pennsylvania Power Co,OH
14717,Pee Dee Electric Member Corp,NC
14724,Pennyrile Rural Electric Coop,KY
14775,People's Electric Cooperative,OK
14839,City of Peru - (IN),IN
14840,City of Peru - (IL),IL
14856,Petersburg Borough - (AK),AK
14857,Pitt & Greene Elec Member Corp,NC
14864,Petit Jean Electric Coop Corp,AR
14867,City of Petoskey - (MI),MI
14940,PECO Energy Co,PA
14947,City of Philadelphia - (MS),MS
14999,Pilot Power Group Inc,CA
15016,Pickwick Electric Coop,TN
15023,Piedmont Electric Member Corp,NC
15028,Piedmont Municipal Power Agny,SC
15034,Pierce-Pepin Coop Services,WI
15039,City of Pierce - (NE),NE
15040,City of Pierre - (SD),SD
15045,Pike County Light & Power Co,NY
15048,Electrical Dist No2 Pinal County,AZ
15049,Electrical Dist No4 Pinal County,AZ
15054,"Pioneer Rural Elec Coop, Inc - (OH)",OH
15062,Town of Pineville - (NC),NC
15073,"Pioneer Electric Coop, Inc - (KS)",KS
15086,Pioneer Power and Light Co,WI
15095,City of Piqua - (OH),OH
15127,Placer County Water Agency,CA
15138,"Platte-Clay Electric Coop, Inc",MO
15141,Plateau Electric Cooperative,TN
15143,Platte River Power Authority,CO
15145,City of Plattsburgh - (NY),NY
15159,City of Plymouth - (WI),WI
15175,Pointe Coupee Elec Member Corp,LA
15188,Polk County Rural Pub Pwr Dist,NE
15202,City of Ponca City - (OK),OK
15211,Pontotoc Electric Power Assn,MS
15229,City of Poplar Bluff - (MO),MO
15231,City of Port Angeles - (WA),WA
15248,Portland General Electric Co,OR
15257,"Poudre Valley REA, Inc",CO
15263,The Potomac Edison Co,PA
15270,Potomac Electric Power Co,DC
15291,Prairie Energy Coop,IA
15293,Powell Valley Electric Coop,TN
15296,New York Power Authority,NY
15308,Plumas-Sierra Rural Elec Coop,CA
15311,Prague Public Works Authority,OK
15312,Village of Prairie Du Sac - (WI),WI
15321,City of Pratt- (KS),KS
15334,Prentiss County Elec Pwr Assn,MS
15340,Presque Isle Elec & Gas Coop,MI
15344,Polk-Burnett Electric Coop,WI
15349,City of Preston,IA
15356,Price Electric Coop Inc,WI
15386,City of Princeton - (KY),KY
15387,Princeton Public Utils Comm,MN
15388,City of Princeton - (IL),IL
15410,Prince George Electric Coop,VA
15419,PUD No 3 of Mason County,WA
15444,Provo City Corp,UT
15462,City of Pryor - (OK),OK
15466,Public Service Co of Colorado,CO
15470,"Duke Energy Indiana, LLC",IN
15472,Public Service Co of NH,NH
15473,Public Service Co of NM,NM
15474,Public Service Co of Oklahoma,OK
15477,Public Service Elec & Gas Co,NJ
15500,Puget Sound Energy Inc,WA
15507,City of Pulaski - (TN),TN
15541,Borough of Quakertown - (PA),PA
15566,City of Quincy - (FL),FL
15619,City of Radford - (VA),VA
15621,"Radiant Electric Coop, Inc",KS
15671,Randolph Electric Member Corp,NC
15672,Ralls County Electric Coop,MO
15686,Village of Rantoul - (IL),IL
15700,Rayle Electric Membership Corp,GA
15711,Rainbow Energy Marketing Corp,ND
15746,Red River Valley Rrl Elec Assn,OK
15748,Town of Reading - (MA),MA
15750,Redwood Electric Coop,MN
15776,Reedy Creek Improvement Dist,FL
15783,City of Redding - (CA),CA
15787,Redlands Water & Power Company,CO
15793,Redwood Falls Public Util Comm,MN
15804,Reedsburg Utility Comm,WI
15811,"Rich Mountain Elec Coop, Inc",AR
15845,Renville-Sibley Coop Pwr Assn,MN
15846,City of Remsen - (IA),IA
15847,Reliant Energy Retail Services LLC,TX
15860,City of Rensselaer - (IN),IN
15938,Rice Lake Utilities,WI
15978,City of Richland Center - (WI),WI
15979,City of Richland - (WA),WA
15989,City of Richmond - (IN),IN
16057,"Rio Grande Electric Coop, Inc",TX
16060,Riverland Energy Cooperative,WI
16063,"Rita Blanca Electric Coop, Inc",TX
16082,City of River Falls,WI
16088,City of Riverside - (CA),CA
16101,Roanoke Electric Member Corp,NC
16146,"Navasota Valley Elec Coop, Inc",TX
16164,Roosevelt Public Power Dist,NE
16177,"Robison Energy, LLC",NY
16179,Rochelle Municipal Utilities,IL
16181,Rochester Public Utilities,MN
16183,Rochester Gas & Electric Corp,NY
16195,City of Rock Hill - (SC),SC
16196,Rock Energy Cooperative,WI
16206,Rock Rapids Municipal Utility,IA
16213,Rockland Electric Co,NY
16217,Village of Rockville Centre - (NY),NY
16223,City of Rockwood - (TN),TN
16226,City of Rocky Mount - (NC),NC
16259,City of Rolla - (MO),MO
16267,Rolling Hills Electric Coop,KS
16284,"Roseau Electric Coop, Inc",MN
16286,Rosebud Electric Coop Inc,SD
16295,City of Roseville - (CA),CA
16325,Village of Rouses Point - (NY),NY
16368,Runestone Electric Assn,MN
16382,"Rural Electric Coop, Inc",OK
16416,City of Rupert - (ID),ID
16420,Rural Electric Conven Coop,IL
16440,City of Russell - (KS),KS
16443,Rushmore Electric Pwr Coop Inc,SD
16458,City of Russellville - (AL),AL
16459,City of Russellville - (KY),KY
16461,"Rusk County Electric Coop, Inc",TX
16463,City of Ruston - (LA),LA
16496,Rutherford Elec Member Corp,NC
16511,Sac-Osage Electric Coop Inc,MO
16518,City of Sabetha - (KS),KS
16534,Sacramento Municipal Util Dist,CA
16537,Safe Harbor Water Power Corp,PA
16549,City of Salamanca - (NY),NY
16555,Salem Electric - (OR),OR
16558,City of Salem - (VA),VA
16561,City of Sallisaw - (OK),OK
16565,Salmon River Electric Coop Inc,ID
16572,Salt River Project,AZ
16587,Salt River Electric Coop Corp,KY
16603,"San Luis Valley R E C, Inc",CO
16604,City of San Antonio - (TX),TX
16606,"Santee Electric Coop, Inc",SC
16609,San Diego Gas & Electric Co,CA
16611,Access Energy Coop,IA
16612,City & County of San Francisco,CA
16613,Sam Houston Electric Coop Inc,TX
16616,"San Isabel Electric Assn, Inc",CO
16622,"San Miguel Power Assn, Inc",CO
16624,"San Miguel Electric Coop, Inc",TX
16627,San Patricio Electric Coop Inc,TX
16628,City of Sanborn - (IA),IA
16629,Sand Mountain Electric Coop,AL
16638,"San Bernard Electric Coop, Inc",TX
16649,Sangre De Cristo Elec Assn Inc,CO
16655,City of Santa Clara - (CA),CA
16674,Satilla Rural Elec Member Corporation,GA
16679,City of Sauk Centre - (MN),MN
16740,Scenic Rivers Energy Coop,WI
16751,Three Rivers Electric Coop,MO
16759,"Sheridan Electric Coop, Inc",MT
16778,City of Schuyler - (NE),NE
16805,SEMO Electric Cooperative,MO
16821,Sam Rayburn Municipal Pwr Agny,TX
16829,City of Scottsboro,AL
16830,City of Scottsburg - (IN),IN
16840,"Calpine Energy Solutions, LLC",CA
16851,SE-MA-NO Electric Coop,MO
16852,City of Seaford- (DE),DE
16854,"Heartland Rural Elec Coop, Inc",KS
16865,Sawnee Electric Membership Corporation,GA
16868,City of Seattle - (WA),WA
16900,City of Seguin - (TX),TX
16920,Sedgwick County El Coop Assn Inc,KS
16921,City of Seneca - (SC),SC
16922,City of Seneca - (KS),KS
16930,Sequachee Valley Electric Coop,TN
16932,City of Sergeant Bluff - (IA),IA
16949,Sevier County Electric System,TN
16953,City of Seward - (NE),NE
16955,City of Seward - (AK),AK
16971,Shakopee Public Utilities Comm,MN
17008,Sharyland Utilities LP,TX
17011,Shawano Municipal Utilities,WI
17028,City of Sheboygan Falls - (WI),WI
17033,Sheffield Utilities,AL
17037,City of Shelby - (NC),NC
17038,RushShelby Energy,IN
17040,"Shelby Electric Coop, Inc",IL
17043,City of Shelby - (OH),OH
17044,"Shelby Energy Co-op, Inc",KY
17047,City of Shelbyville - (TN),TN
17066,Shenandoah Valley Elec Coop,VA
17106,Sho-Me Power Electric Coop,MO
17127,Town of Shrewsbury - (MA),MA
17141,City of Sibley - (IA),IA
17149,City of Sidney - (NE),NE
17166,Sierra Pacific Power Co,NV
17177,City of Sikeston - (MO),MO
17184,City of Siloam Springs - (AR),AR
17252,Singing River Elec Pwr Assn,MS
17260,North West Rural Electric Coop,IA
17261,Slope Electric Coop Inc,ND
17264,City of Sioux Center,IA
17265,City of Sioux Falls - (SD),SD
17267,Sioux Valley SW Elec Coop,SD
17271,City & Borough of Sitka - (AK),AK
17279,PUD No 1 of Skamania Co,WA
17290,Slash Pine Elec Member Corp,GA
17320,Sleepy Eye Public Utility Comm,MN
17324,Slinger Utilities,WI
17451,Town of Smithfield - (NC),NC
17452,City of Smithville - (TN),TN
17457,Town of Smyrna - (DE),DE
17470,PUD 1 of Snohomish County,WA
17492,"Socorro Electric Coop, Inc",NM
17512,Village of Solvay - (NY),NY
17513,Southern California P P A,CA
17534,"South Alabama Elec Coop, Inc",AL
17539,South Carolina Electric&Gas Company,SC
17540,"South Central Ark El Coop, Inc",AR
17543,South Carolina Public Service Authority,SC
17548,South Central Public Pwr Dist,NE
17549,South Jersey Energy Company,NJ
17550,South Central Electric Assn,MN
17554,"South Carolina Genertg Co, Inc",SC
17560,Town of South Hadley - (MA),MA
17561,South Plains Electric Coop Inc,TX
17562,City of South Haven - (MI),MI
17564,South Kentucky Rural  Electric Coop Corp,KY
17565,South Louisiana Elec Coop Assn,LA
17568,Cooperative Energy,MS
17569,City of South Norwalk - (CT),CT
17572,South River Elec Member Corp,NC
17577,City of South Sioux City,NE
17583,"South Texas Electric Coop, Inc",TX
17585,"Southeastern IL Elec Coop, Inc",IL
17592,Southeast Colorado Power Assn,CO
17599,Southeastern Indiana R E M C,IN
17603,Southeastern Electric Coop Inc - (OK),OK
17609,Southern California Edison Co,CA
17612,Bear Valley Electric Service,CA
17622,Southern Electric Gen Co,AL
17631,Southern Illinois Elec Coop,IL
17632,Southern Illinois Power Coop,IL
17633,Southern Indiana Gas & Elec Co,IN
17637,Southern Maryland Elec Coop Inc,MD
17642,Southern Public Power District,NE
17643,"Southern Iowa Elec Coop, Inc",IA
17646,"Southern Pine Elec Coop, Inc",AL
17647,Southern Pine Elec Power Assn,MS
17671,Southwest Arkansas E C C,TX
17681,Southwest Rural Elec Assn Inc,OK
17683,Southwest Mississippi E P A,MS
17684,Southwest Louisiana E M C,LA
17692,Southwest Public Power Dist,NE
17693,"Southwest Texas Elec Coop, Inc",TX
17694,Southwest Tennessee E M C,TN
17697,Southwestern Electric Coop Inc - (IL),IL
17698,Southwestern Electric Power Co,OK
17710,"Spark Energy, LP",TX
17715,Southwestern Electric Coop Inc - (NM),NM
17716,Southwestern Power Administration,OK
17718,Southwestern Public Service Co,TX
17732,Spanish Fork City Corporation,UT
17740,City of Sparta,TN
17783,City of Spencer - (IA),IA
17826,"Springer Electric Coop, Inc",NM
17828,City of Springfield - (IL),IL
17829,City of Springfield - (TN),TN
17832,Snapping Shoals El Member Corp,GA
17833,City Utilities of Springfield - (MO),MO
17839,City of Springfield - (OR),OR
17845,City of Springville - (UT),UT
17858,Square Butte Electric Coop,ND
17860,City of St Charles - (IL),IL
17868,St Croix Electric Coop,WI
17874,City of St George,UT
17876,City of St James - (MN),MN
17891,City of St Marys - (OH),OH
17896,City of Shasta Lake - (CA),CA
17899,City of St Paul - (NE),NE
17900,City of Saint Peter,MN
17979,Stanton County Public Pwr Dist,NE
17983,City of Staples- (MN),MN
18004,City of Starke - (FL),FL
18006,City of Starkville,MS
18019,Stearns Cooperative Elec Assn,MN
18022,City of Statesville - (NC),NC
18047,Steele-Waseca Cooperative Electric,MN
18051,Town of Steilacoom,WA
18085,South Central Power Company,OH
18087,Town of Sterling - (MA),MA
18100,Steuben County Rural E M C,IN
18102,"Steuben Rural Elec Coop, Inc",NY
18125,Stillwater Utilities Authority,OK
18126,City of Stilwell - (OK),OK
18177,City of Story City - (IA),IA
18181,City of Stoughton - (WI),WI
18193,Strategic Energy LLC,PA
18199,"Swisher Electric Coop, Inc",TX
18203,Tallapoosa River Elec Coop Inc,AL
18205,Strawberry Water Users Assn,UT
18206,Strawberry Electric Serv Dist,UT
18249,City of Sturgeon Bay - (WI),WI
18252,City of Sturgis,MI
18260,Surprise Valley Electrification,CA
18273,City of Sullivan - (MO),MO
18280,Sulphur Springs Valley E C Inc,AZ
18304,"Sumter Electric Coop, Inc",FL
18305,Sumter Electric Member Corp,GA
18312,Sun Prairie Utilities,WI
18315,Sunflower Electric Power Corp,KS
18316,"Sumner-Cowley Elec Coop, Inc",KS
18330,City of Superior - (NE),NE
18336,"Superior Water, Light and Power Co",WI
18339,Surry-Yadkin Elec Member Corp,NC
18360,Suwannee Valley Elec Coop Inc,FL
18371,Village of Swanton - (VT),VT
18383,Taylor Electric Coop - (WI),WI
18384,City of Sweetwater,TN
18395,Sylacauga Utilities Board,AL
18397,City of Sylvania - (GA),GA
18401,"Sun River Electric Coop, Inc",MT
18408,City of Syracuse - (NE),NE
18429,City of Tacoma - (WA),WA
18433,Tahlequah Public Works Authority,OK
18445,City of Tallahassee - (FL),FL
18446,T I P Rural Electric Coop,IA
18447,Tallahatchie Valley E P A,MS
18448,Tanner Electric Coop,WA
18449,"Talquin Electric Coop, Inc",FL
18454,Tampa Electric Co,FL
18466,Town of Tarboro - (NC),NC
18472,City of Tarrant,AL
18476,"Tara Energy, Inc",TX
18488,City of Taunton,MA
18498,Taylor County Rural E C C,KY
18499,Three Notch Elec Member Corp,GA
18525,City of Tecumseh,NE
18538,City of Tell City - (IN),IN
18589,"Rayburn Country Elec Coop, Inc",TX
18642,Tennessee Valley Authority,TN
18643,Tennessee Valley Electric Coop,TN
18679,Tex-La Electric Coop-Texas Inc,TX
18715,Texas Municipal Power Agency,TX
18820,City of Thief River Falls,MN
18847,City of Thomaston - (GA),GA
18848,City of Thomasville - (GA),GA
18895,Thumb Electric Coop of Mich,MI
18917,Tillamook Peoples Utility Dist,OR
18940,Tipmont Rural Elec Member Corp,IN
18941,City of Tipp City - (OH),OH
18942,Tipton Municipal Electric Util,IN
18943,Tippah Electric Power Assn,MS
18947,City of Tipton - (IA),IA
18951,Tishomingo County E P A,MS
18955,"Tri-County Electric Coop, Inc",IL
18956,Tri-County Elec Member Corp,GA
18957,Tri-County Elec Member Corp,NC
18961,Twin County Electric Pwr Assn,MS
18962,Twin Valley Electric Coop Inc,KS
18976,Trinity Valley Elec Coop Inc,TX
18995,Tenaska Power Services Co,TX
18997,The Toledo Edison Co,OH
19007,Tombigbee Electric Power Assn,MS
19022,Tongue River Electric Coop Inc,MT
19027,"Tombigbee Electric Coop, Inc",AL
19032,City of Torrington - (WY),WY
19048,Toledo Bend Project Joint Oper,TX
19060,"Traverse Electric Coop, Inc",MN
19090,"ENGIE Energy Marketing NA, Inc",TX
19096,TransAlta Energy Marketing (U.S.) Inc.,WA
19107,ENGIE Resources LLC,TX
19108,Tideland Electric Member Corp,NC
19119,"TransCanada Power Marketing, Ltd.",MA
19125,City of Traverse City - (MI),MI
19126,"TriEagle Energy, L.P.",TX
19149,City of Trenton - (TN),TN
19150,Trenton Municipal Utilities - (MO),MO
19154,Tri-State Electric Member Corp,GA
19156,Powder River Energy Corporation,WY
19157,MiEnergy Cooperative,MN
19158,Tri-County Electric Coop Assn,MO
19159,"Tri-County Electric Coop, Inc",TX
19160,"Tri-County Electric Coop, Inc",OK
19161,"Tri-County Electric Coop, Inc",FL
19162,Tri-County Elec Member Corp,TN
19189,Trico Electric Cooperative Inc,AZ
19219,Diverse Power Incorporated,GA
19225,City of Troy - (AL),AL
19229,Truckee Donner P U D,CA
19266,Tullahoma Board-Public Utils,TN
19273,City of Tupelo - (MS),MS
19277,TDX North Slope Generating Co,AK
19281,Turlock Irrigation District,CA
19293,Southeastern Electric Coop Inc - (SD),SD
19307,City of Tuscumbia,AL
19308,City of Tuskegee,AL
19324,Two Rivers Water & Light,WI
19325,Umatilla Electric Coop Assn,OR
19327,"TXU Energy Retail Co, LLC",TX
19389,Upper Missouri G&T El Coop Inc,MT
19390,"UGI Utilities, Inc",PA
19396,Tri-County Electric Coop,MI
19397,City of Ukiah - (CA),CA
19430,City of Union City,TN
19431,City of Union - (SC),SC
19435,Union Electric Membership Corp - (NC),NC
19436,Union Electric Co - (MO),MO
19437,Western Iowa Power Coop,IA
19445,"Southern Indiana R E C, Inc",IN
19446,"Duke Energy Kentucky, Inc.",OH
19454,City of Unalaska - (AK),AK
19490,United Electric Coop Service Inc - (TX),TX
19493,Union County Electric Coop Inc,SD
19497,United Illuminating Co,CT
19499,"United Power, Inc",CO
19501,"Union Rural Electric Coop, Inc",OH
19502,"United Electric Co-op, Inc - (ID)",ID
19545,"Black Hills Power, Inc. d/b/a",SD
19547,Hawaiian Electric Co Inc,HI
19558,Homer Electric Assn Inc,AK
19574,Upper Cumberland E M C,TN
19578,Upper Peninsula Power Company,MI
19579,Upshur Rural Elec Coop Corp,TX
19581,Upson Elec Member Corp,GA
19603,USBIA-Mission Valley Power,MT
19604,USBIA-San Carlos Project,AZ
19667,Utilities Dist-Western IN REMC,IN
19677,City of Valentine - (NE),NE
19687,City of Valley City,ND
19728,"UNS Electric, Inc",AZ
19780,Vermont Public Power Supply Authority,VT
19784,Vera Irrigation District #15,WA
19785,Verdigris Valley Elec Coop Inc,OK
19788,City of Vermillion - (SD),SD
19790,Verendrye Electric Coop Inc,ND
19791,"Vermont Electric Cooperative, Inc.",VT
19792,"Vermont Electric Power Co, Inc",VT
19798,City of Vernon,CA
19804,City of Vero Beach - (FL),FL
19806,"Victoria Electric Coop, Inc",TX
19813,Vernon Electric Coop,WI
19820,Victory Electric Coop Assn Inc,KS
19840,"Valley Electric Assn, Inc",NV
19856,City of Vineland - (NJ),NJ
19865,City of Vinton - (IA),IA
19869,Vinton Public Power Authority,LA
19876,Virginia Electric & Power Co,VA
19882,Virginia Tech Electric Service,VA
19883,City of Virginia - (MN),MN
19885,Virginia Mun Elec Assn No 1,VA
19896,City of Volga - (SD),SD
19898,Volunteer Electric Coop,TN
19947,City of Wadena - (MN),MN
19950,Vermont Electric Trans Co Inc,VT
19951,City of Wadsworth - (OH),OH
19968,City of Wahoo - (NE),NE
19974,Town of Wake Forest - (NC),NC
19979,Town of Wakefield - (MA),MA
19980,City of Wakefield - (NE),NE
19981,Wake Electric Membership Corp,NC
20038,Town of Wallingford - (CT),CT
20065,Walton Electric Member Corp,GA
20069,City of Wamego - (KS),KS
20077,City of Wapakoneta - (OH),OH
20130,Warren Rural Elec Coop Corp,KY
20134,City of Warroad,MN
20135,City of Washington - (UT),UT
20136,City of Waseca - (MN),MN
20138,"Wasco Electric Coop, Inc",OR
20139,City of Washington - (IN),IN
20140,City of Washington - (GA),GA
20142,City of Washington - (NC),NC
20146,Washington Elec Member Corp,GA
20150,Washington Electric Coop - (OH),OH
20151,Washington Electric Coop - (VT),VT
20160,Energy Northwest,WA
20163,Wagoner Public Works Authority,OK
20169,Avista Corp,WA
20176,City of Water Valley - (MS),MS
20182,Waterloo Light & Water Comm,WI
20187,Watertown Municipal Utilities,SD
20188,City of Watertown - (NY),NY
20211,Village of Waunakee - (WI),WI
20213,Waupun Utilities,WI
20214,Waverly Municipal Elec Utility,IA
20216,Whitewater Valley Rural EMC,IN
20219,City of Wayne,NE
20222,Wayne-White Counties Elec Coop,IL
20228,Weakley County Mun Elec Sys,TN
20230,Weatherford Mun Utility System,TX
20259,City of Webster City - (IA),IA
20310,Town of Wellesley - (MA),MA
20315,City of Wellington - (KS),KS
20318,Webster Electric Coop,MO
20332,Wells Rural Electric Co,NV
20334,Wellsborough Electric Co,PA
20363,West Central Electric Coop Inc - (MO),MO
20368,West Central Electric Coop Inc - (SD),SD
20371,"West Florida El Coop Assn, Inc",FL
20377,West Kentucky Rural E C C,KY
20380,City of West Liberty - (IA),IA
20382,City of West Memphis - (AR),AR
20387,West Penn Power Co,PA
20392,City of West Plains - (MO),MO
20394,City of West Point - (MS),MS
20397,City of West Point - (NE),NE
20401,West River Electric Assn Inc,SD
20404,AEP Texas North Company,OK
20413,Mountrail-Williams Elec Coop,ND
20421,Western Minnesota Mun Pwr Agny,SD
20422,Whetstone Valley Elec Coop Inc,SD
20434,City of Westby,WI
20447,"Western Farmers Elec Coop, Inc",OK
20455,Western Massachusetts Electric Company,MA
20456,Twin Valleys Public Power Dist,NE
20472,"Wharton County Elec Coop, Inc",TX
20476,Western Coop Electric Assn Inc,KS
20477,City of Westerville - (OH),OH
20481,City of Westfield - (MA),MA
20509,Wheat Belt Public Power Dist,NE
20510,"Wheatland Electric Coop, Inc",KS
20521,Wheeling Power Co,OH
20574,White River Valley El Coop Inc,MO
20576,"White River Electric Assn, Inc",CO
20583,Whitehall Electric Utility,WI
20603,Northeastern Rural E M C,IN
20639,"Wild Rice Electric Coop, Inc",MN
20659,"WGL Energy Services, Inc.",VA
20737,Willmar Municipal Utilities,MN
20785,City of Wilson,NC
20789,City of Wilton,IA
20793,City of Winchester - (TN),TN
20806,City of Windom,MN
20813,City of Winfield - (KS),KS
20823,Winner Municipal Utility,SD
20824,Village of Winnetka - (IL),IL
20835,City of Winterset - (IA),IA
20837,City of Winthrop - (MN),MN
20841,"Wiregrass Electric Coop, Inc",AL
20845,Wolverine Power Marketing Coop,MI
20847,Wisconsin Electric Power Co,WI
20856,Wisconsin Power & Light Co,WI
20858,WPPI Energy,WI
20860,Wisconsin Public Service Corp,WI
20862,Wisconsin Rapids W W & L Comm,WI
20863,Wisconsin River Power Company,WI
20885,Withlacoochee River Elec Coop,FL
20910,"Wolverine Pwr Supply Coop, Inc",MI
20913,Town of Wolfeboro,NH
20927,"Wood County Electric Coop, Inc",TX
20948,Wise Electric Coop Inc,TX
20951,Woodbury County Rural E C A,IA
20963,Woodruff Electric Coop Corp,AR
20996,Wright-Hennepin Coop Elec Assn,MN
20997,Yellowstone Valley Elec Co-op Inc.,MT
21002,York Electric Coop Inc,SC
21013,City of Worthington - (MN),MN
21015,City of Wrangell - (AK),AK
21048,Wyandotte Municipal Serv Comm,MI
21075,Y-W Electric Assn Inc,CO
21079,Wyrulec Company,WY
21081,Yampa Valley Electric Assn Inc,CO
21093,3 Phases Renewables Inc,CA
21095,Public Serv Comm of Yazoo City,MS
21101,Village of Yellow Springs - (OH),OH
21111,Perennial Public Power Dist,NE
21114,Yazoo Valley Elec Power Assn,MS
21140,Yuba County Water Agency,CA
21158,City of Zeeland - (MI),MI
21244,"Southside Electric Coop, Inc",VA
21249,"HQ Energy Services (US), Inc",CT
21258,"Constellation Energy Services NY, Inc.",NY
21352,Municipal Energy Agency of NE,NE
21513,"Fergus Electric Coop, Inc",MT
21526,City of Laurens - (SC),SC
21538,"Mohave Electric Cooperative, Inc",AZ
21554,Seminole Electric Cooperative Inc,FL
21567,"Washington-St Tammany E C, Inc",LA
21632,EnergyUnited Elec Member Corp,NC
21704,MSR Public Power Agency,CA
21795,"Constellation Energy Services, Inc.",WI
22053,Kentucky Power Co,OH
22056,Smarr EMC,GA
22500,Westar Energy Inc,KS
22646,"United Electric Coop, Inc - (MO)",MO
22690,Roosevelt County Elec Coop Inc,NM
22814,Raft River Rural Elec Coop Inc,ID
22815,Delta Electric Power Assn,MS
22822,Clark County Rural E M C - (IN),IN
23326,"Sierra Electric Coop, Inc",NM
23586,"Vigilante Electric Coop, Inc",MT
23826,Bluestem Electric Coop Inc,KS
24211,Tucson Electric Power Co,AZ
24431,Utah Municipal Power Agency,UT
24558,City of Escanaba,MI
24590,Unitil Energy Systems,NH
24753,Boone County Rural EMC,IN
24889,Brunswick Electric Member Corp,NC
24949,Cass County Electric Coop Inc,ND
25060,Wellton-Mohawk Irr & Drain Dist,AZ
25177,Dakota Electric Association,MN
25251,"Entergy Power, LLC",AR
25262,"DTE Energy Trading, Inc",MI
25295,Western Indiana Energy REMC,IN
25866,Ak-Chin Electric Utility Authority,AZ
26218,Little Ocmulgee El Member Corp,GA
26253,Louisiana Energy & Power Authority,LA
26510,Granite State Electric Co,NH
26616,North Slope Borough Power & Light,AK
26751,"National Grid Generation, LLC",NY
26765,Pella Cooperative Elec Assn,IA
26916,"Ravalli County Elec Coop, Inc",MT
26934,"Red Lake Electric Coop, Inc",MN
26939,Red River Valley Coop Pwr Assn,MN
27000,WAPA-- Western Area Power Administration,CO
27058,"High West Energy, Inc",WY
27222,City of Ripley - (TN),TN
27238,"Southwest Electric Coop, Inc",MO
27316,Town of Stowe- (VT),VT
27369,Taylor Electric Coop Inc - (TX),TX
27422,Todd-Wadena Electric Coop,MN
27599,Carroll-White REMC,IN
27703,U S Army Corps of Engineers,MI
28541,Clatskanie Peoples Util Dist,OR
28604,Kerrville Public Utility Board,TX
28802,"Talen Energy Marketing, LLC",PA
28978,City of San Marcos - (TX),TX
29304,Southeastern Power Admin,GA
30151,"Tri-State G & T Assn, Inc",CO
30517,"Pioneer Electric Coop, Inc - (AL)",AL
30518,Electrical Dist No3 Pinal County,AZ
31833,Okefenoke Rural El Member Corp,GA
36189,"Mid-Ohio Energy Coop, Inc",OH
38084,Great Lakes Energy Coop,MI
39347,"East Texas Electric Coop, Inc",TX
40036,Westfield Electric Co,WI
40051,Texas-New Mexico Power Co,TX
40127,Clarke-Washington E M C,AL
40165,"Dixie Escalante R E A, Inc",UT
40166,"Chickasaw Electric Coop, Inc",TN
40167,"Somerset Rural Elec Coop, Inc",PA
40208,"Ark Valley Elec Coop Assn, Inc",KS
40211,"Wabash Valley Power Assn, Inc",IN
40212,Colquitt Electric Membership Corp,GA
40215,"Cordova Electric Coop, Inc",AK
40218,"Central Electric Pwr Coop, Inc - (SC)",SC
40219,"United Electric Coop, Inc - (PA)",PA
40220,Adams Electric Cooperative Inc,PA
40221,"Bedford Rural Elec Coop, Inc",PA
40222,Valley Rural Electric Coop Inc,PA
40224,"Central Electric Coop, Inc - (PA)",PA
40228,Rappahannock Electric Coop,VA
40229,Old Dominion Electric Coop,VA
40233,Sam Rayburn G&T Elec Coop Inc,TX
40236,"Forked Deer Electric Coop, Inc",TN
40289,Claverack Rural Elec Coop Inc,PA
40290,Tri-County Rural Elec Coop Inc,PA
40292,REA Energy Coop Inc,PA
40293,"Northwestern Rural E C A, Inc - (PA)",PA
40299,Sussex Rural Electric Coop Inc,NJ
40300,Nebraska Electric G&T Coop Inc,NE
40301,Central Montana E Pwr Coop Inc,MT
40302,North East Mississippi EPA,MS
40303,Monroe County Elec Power Assn,MS
40304,Minnesota Valley Coop L&P Assn,MN
40305,Hickman-Fulton Counties RECC,KY
40307,"Prairie Power, Inc",IL
40364,City of Courtland,AL
40437,Emerald People's Utility Dist,OR
40438,Columbia River Peoples Ut Dist,OR
40441,Town of Murphy - (NC),NC
40456,PUD No 1 of Whatcom County,WA
40575,Utah Associated Mun Power Sys,UT
40576,Intermountain Power Agency,CA
40577,"American Mun Power-Ohio, Inc",OH
40580,Southern Minnesota Mun P Agny,MN
40581,Northern Municipal Power Agency,MN
40582,Michigan Public Power Agency,MI
40603,Wyoming Municipal Power Agency,WY
40606,City of Grand Island - (NE),NE
40613,Northern California Power Agny,CA
40614,Alabama Municipal Elec Authority,AL
42889,Alaska Energy Authority,AK
44372,Oncor Electric Delivery Company LLC,TX
44388,New England Elec Transm'n Corp,NH
49730,American PowerNet,PA
49746,The Energy Coop,PA
49803,Alaska Electric & Energy Coop,AK
49818,Alliance Power Co LLC,TX
49824,Calpine Power Management LLC,TX
49826,Mohegan Tribal Utility Authority,CT
49848,Massachusetts Bay Trans Authority,MA
49853,Amigo Energy,TX
49891,NextEra Energy Power Marketing LLC,FL
49922,U.S. Energy Partners LLC,NY
49952,Penstar Power,TX
49956,Merrill Lynch Commodities,TX
49986,Southwest Iowa Rural Elec Coop,IA
49987,Harvard Dedicated Energy Limited,MA
49998,City of Berea Municipal Utility,KY
50041,Stream Energy,TX
50043,"Exelon Generation Company, LLC",MD
50046,"Texas Retail Energy, LLC",AR
50149,Constellation Energy Power Choice Inc.,TX
50153,"APN Starfirst, L.P.",PA
50156,AmeriPower LLC,TX
50174,Electric Transmission Texas LLC,TX
54728,Texas General Land Office,TX
54820,Direct Energy Services,CT
54862,Champion Energy Services,TX
54872,"Accent Energy Holdings, LLC",OH
54873,Freedom Energy,NH
54875,New York Industrial Energy Buyers,NY
54893,NOCO Electric,NY
54913,NSTAR Electric Company,MA
55701,"Sempra Gas & Power Marketing, LLC",CA
55719,TDM US,CA
55722,AEP Energy,IL
55758,"GenOn Energy Management, LLC",NJ
55765,Reliant Energy Power Supply LLC,TX
55781,Liberty Power Corp.,FL
55787,City of Moreno Valley - (CA),CA
55813,"Bluerock Energy, Inc.",NY
55814,Columbia Utilities Electricity,NY
55815,"IDT Energy, Inc.",NJ
55874,"Energy Services Providers, Inc.",MA
55878,Hudson Energy Services,NY
55897,PSEG Energy Resources and Trade,NJ
55937,Entergy Texas Inc.,TX
55959,Roughrider Electric Cooperative,ND
55962,City of Victorville - (CA),CA
55982,Heart of Texas Electric Coop,TX
56068,ITC Transmission,MI
56146,Black Hills/Colorado Elec.Utility Co. LP,SD
56161,ITC Midwest LLC,MI
56162,American Transmission Systems Inc,OH
56163,Michigan Electric Transmission Company,MI
56196,Just Energy New York Corp.,CN
56212,"Ambit Energy Holdings, LLC",TX
56220,Anthracite Power & Light,PA
56223,Macquarie Energy LLC,TX
56247,"Mega Energy, LP",TX
56248,"Young Energy, LLC",TX
56255,"Brilliant Energy, LLC",TX
56260,OnPAC Energy,TX
56265,Energy Plus Holdings LLC,PA
56276,TransCanada Energy Marketing ULC,CA
56279,"Spartan Renewable Energy, Inc",MI
56286,"Frontier Utilities, Inc.",TX
56288,Luminant Energy,TX
56292,"Bounce Energy, Inc.",TX
56360,Discount Power - (TX),TX
56379,"MC Squared Energy Services, LLC",IL
56408,"UGI Energy Services, Inc.",PA
56441,Our Energy LLC,TX
56496,"UP Power Marketing, LLC",MI
56501,"Palmco Power NJ, LLC",NY
56504,Major Energy Electric Services,NY
56521,"Devonshire Energy, LLC",MA
56522,"Backyard Farms Energy, LLC",ME
56526,"ITC Great Plains, LLC",KS
56528,JP Morgan,NY
56546,Dominion Energy Marketing Inc.,VA
56571,AP Holdings LLC,TX
56573,"Palmco Power PA, LLC",NY
56620,NextEra Retail of Texas LP,TX
56692,Marin Clean Energy,CA
56697,Ameren Illinois Company,MO
56734,Smart Prepaid Electric,TX
56737,"Stream Energy Pennsylvania, LLC",PA
56738,Infinite Electric LLC,FL
56775,Entrust Energy,TX
56784,NRG Power Marketing LLC,NJ
56793,"Palmco Power CT, LLC",NY
56810,American Light and Power,TX
56876,"Stream Energy Maryland, LLC",MD
56890,Citigroup Energy Inc,TX
56961,Veteran Energy LLC,FL
56982,PBF Power Marketing LLC,NJ
57037,Reliant Energy Northeast LLC,TX
57038,"Amerigreen Energy, LLC",PA
57040,PNE Energy Supply LLC,NH
57067,"ENGIE Retail, LLC",TX
57074,"Stream Energy New Jersey, LLC",NJ
57132,"US Retailers, LLC",TX
57185,"Palmco Power MD, LLC",NY
57298,TAQA Gen X LLC,NY
57307,"Plymouth Rock Energy, LLC",NY
57313,SolarCity Corporation,CA
57350,Summer Energy LLC,TX
57394,4Change Energy Company,TX
57426,"Everything Energy, LLC",TX
57428,Source Power & Gas LLC,TX
57459,"Wolverine Alternative Investments, LLC",IL
57467,"Palmco Power OH, LLC",NY
57483,Liberty Utilities,CA
57486,"XOOM Energy Texas, LLC",NC
57487,"XOOM Energy Connecticut, LLC",NC
57488,"XOOM Energy Illinois, LLC",NC
57489,"XOOM Energy Massachusetts, LLC",NC
57490,"XOOM Energy Maryland, LLC",NC
57491,"XOOM Energy New Jersey, LLC",NC
58085,"Electricity Maine, LLC",ME
58086,"Electricity NH, LLC d/b/a ENH Power, LLC",ME
58116,"Public Power & Utility of Maryland, LLC",CT
58118,Public Power LLC (PA),CT
58119,Public Power LLC (CT),CT
58123,Aha Macav Power Service,AZ
58124,City of Winter Park - (FL),FL
58126,Pittsburg Power Company,CA
58139,Town of Pickstown - (SD),SD
58142,Cincinnati Bell Energy LLC,CT
58158,FairPoint Energy LLC,CT
58160,Viridian Energy NY LLC,CT
58161,Viridian Energy LLC,CT
58162,Viridian Energy PA LLC,CT
58181,"Stream Energy New York, LLC",NY
58196,"C. N. Brown Electricity, LLC",ME
58230,MJMEUC,MO
58248,"EnergyMark, LLC",NY
58263,V247 Power Corporation,TX
58314,"Palmco Power IL, LLC",NY
58339,"XOOM Energy Pennsylvania, LLC",NC
58364,New Brunswick Power Generation Corp.,CN
58367,"XOOM Energy New York, LLC",NC
58457,"EDF Industrial Power Services (CA), LLC",TX
58458,Silver State Energy Association,NV
58476,"Stream Energy Columbia, LLC",DC
58630,"XOOM Energy Maine, LLC",NC
58631,"XOOM Energy Rhode Island, LLC",NC
58632,"XOOM Energy Delaware, LLC",NC
58633,"XOOM Energy New Hampshire, LLC",NC
58663,Respond Power LLC,NY
58667,"North American Power and Gas, LLC",CT
58683,Everyday Energy LLC,CT
58747,"Provider Power MASS, LLC",ME
58799,"Mega Energy of New England, LLC",TX
58805,Pro Power Providers,TX
58806,"Mint Energy, LLC",MA
58851,City of Cerritos - (CA),CA
58853,Kiwi Energy NY LLC,NY
58859,"Enertrade Electric, LLC",TX
58951,"CleanChoice Energy, Inc.",DC
58952,Sperian Energy Corp,NV
58953,"Star Energy Partners, LLC",OH
58954,Breeze LLC,TX
58956,"SmartEnergy Holdings, LLC",NY
58957,"Interstate Gas Supply, Inc.",OH
58963,Brooklet Energy Distribution,TX
58964,"Alpha Gas and Electric, LLC",NY
58965,Energy.Me Midwest LLC,NY
58966,Marathon Power LLC,NY
58972,"Realgy, LLC",CT
58973,"Discount Energy Group, LLC",AZ
58974,Clearview Electric Inc.,TX
58978,"Harborside Energy, LLC",NJ
59012,"Mega Energy of New Hampshire, LLC",TX
59013,PUD No 1 of Jefferson County,WA
59052,Astral Energy LLC,NJ
59053,"Abest Power & Gas, LLC",CT
59054,"Eligo Energy, LLC",IL
59055,"Choice Energy, LLC d/b/a 4 Choice Energy",IA
59057,"Mega Energy of Maine, LLC",TX
59058,"Gerdau Ameristeel Energy, Inc.",FL
59059,Town Square Energy,AZ
59060,Union Atlantic Electricity,ME
59061,Pioneer Power LLC DBA Pioneer Energy,TX
59062,"Horizon Power and Light, LLC",TX
59064,"Great American Power, LLC",GA
59065,Titan Gas LLC,TX
59082,"Family Energy, Inc. New York",CN
59086,"Constellation Solar Holding, LLC",MD
59088,"Nordic Energy Services, LLC",IL
59126,Sonoma Clean Power Authority,CA
59127,"Sunwave Gas & Power Connecticut, Inc.",CT
59128,MPower Energy LLC,NY
59139,SunEdison LLC,CA
59310,"Inspire Energy Holdings, LLC",CA
59311,"XOOM Energy Ohio, LLC",NC
59312,"XOOM Energy Washington DC, LLC",NC
59314,Infuse Energy LLC,TX
59361,Lykins Energy Solutions,OH
59385,"Dynegy Energy Services, LLC",TX
59410,"Shipley Choice, LLC",PA
59411,Power Express,TX
59472,Agera Energy LLC,NY
59505,Heartland REMC,IN
59507,"Lonestar Generation, LLC",NJ
59557,RGS Energy,CO
59566,Axon Power & Gas LLC,TX
59579,Sunnova,TX
59580,"SunPower Capital, LLC",TX
59619,"EDF Energy Services, LLC",TX
59620,Verde Energy USA,CT
59622,"Ahana Renewables, LLC",CA
59625,Lancaster Choice Energy,CA
59647,Sunrun Inc.,CA
59676,"Collegiate Clean Energy, LLC",VA
59679,Aggregated Transit Energy,MA
59738,"SunPower Capital Services, LLC",TX
59763,"Consolidated Power Co., LLC",NY
59793,"First Point Power, LLC",RI
59794,"Starion Energy, Inc.",CT
59795,"Starion Energy PA, Inc.",CT
59796,"Starion Energy NY, Inc.",CT
59797,Park Power LLC,PA
59798,Volt Electricity Provider LP,TX
59799,American Power & Gas,FL
59800,Capital Energy LLC,OH
59801,CEI,PA
59807,"Rushmore Energy, LLC",TX
59808,MP2 Energy LLC,TX
59809,"Residents Energy, LLC",NJ
59810,Greenlight Energy Inc.,NY
59811,Santanna Energy Services,TX
59812,New Wave Energy Corporation,NY
59814,Term Power & Gas LLC d/b/a ENCOA,TX
59815,"HIKO Energy, LLC",NY
59816,"Supreme Energy, Inc.",NJ
59818,Algonquin Energy Services,CN
59820,"Mansfield Power and Gas, LLC",GA
59829,Hampshire COG d/b/a Hampshire Power,MA
59830,Aequitas Energy Inc,NY
59832,Great Eastern Energy,NY
59846,Western Reserve Energy Services LLC,OH
59847,Sustainable Star LLC,VA
59848,"ResCom Energy, LLC",IL
59931,"MidAmerican Energy Services, LLC",IA
59932,Switch Energy,CT
59933,"Texpo Power, L.P.",TX
59943,Spruce Finance,CA
59958,"Mega Energy of Illinois, LLC",TX
59972,The Regents of the Univ. of California,CA
59993,Discount Power Inc - (CT),CT
60025,Greenbacker Renewable Energy Corporation,NY
60041,Planet Energy,CN
60053,"East Coast Power & Gas, LLC",NY
60065,Cross Texas Transmission,TX
60066,Wind Energy Transmission Texas LLC,TX
60080,Pleasant Hill Community Line,IA
60084,OE Holdings,MD
60101,"Nittany Energy, LLC",PA
60124,Spring Power & Gas,NY
60181,CleanPowerSF,CA
60202,Electranet Power LLC,TX
60218,MPower Energy NJ LLC,NY
60219,"LifeEnergy, LLC",TX
60402,Peninsula Clean Energy Authority,CA
60482,CKenergy Electric Cooperative,OK
60502,Port of Stockton - (CA),CA
60544,"Koch Energy Services, LLC",TX
60583,Atlantic Energy LLC,NY
60585,Aspirity Energy LLC,MN
60631,Upper Michigan Energy Resources Corp.,WI
60696,"Vista Energy Marketing, L.P.",TX
60715,Port of Oakland,CA
60744,ITC Interconnection LLC,MI
60758,Apple Valley Choice Energy,CA
60759,Silicon Valley Clean Energy Authority,CA
60770,Southeast Alaska Power Agency,AK
60839,Southern Pioneer Electric Company,KS
60868,Redwood Coast Energy Authority,CA
60870,PSEG Energy Solutions LLC,NJ
60913,Dynegy Marketing and Trade LLC,TX
60914,Current Power & Gas Inc.,AZ
60915,Griddy Energy LLC,CA
60981,"TerraForm US Energy Services, LLC",NY
61059,"Renaissance Power & Gas, Inc.",NV
61083,Pico Rivera Innovative Municipal Energy,CA
61092,"Stream Energy Illinois, LLC",TX
61098,Longroad Energy,CA
61131,Freepoint Energy Solutions LLC,TX
61200,"Summer Energy Northeast, LLC",TX
61201,"Stream Energy Delaware, LLC",TX
61205,Volterra Energy,TX
61206,Total Gas & Power North America Inc,TX
61264,Heritage Power LLC,TX
61265,Pogo Energy LLC,TX
61300,Members 1st Power Cooperative,WY
61311,Conservice Energy,TX
61367,South Bay Energy Corp.,NY
61378,Censtar Energy Corporation,TX
61424,Tidal Energy Marketing Inc.,
61460,Drift,WA
88888,Withheld,TX
88888,Withheld,TX
88888,Withheld,TX